태그,질문,기술 분야,기술 키워드,세부 기술 키워드
"be, architecture, real-time_data_processing","네이버 쇼핑 탭에서 보여지는 상품의 노출 순위를 조회할 때, 실시간성을 반영해야한다면 어떻게 구현하시겠어요? 예를 들어, 급격하게 상품 노출 순위가 올라가는 경우에 실시간으로 이를 반영하려면 어떻게 할 수 있을까요?",BE,Architecture,real-time data processing
crawling,크롤러가 블락되는 경우 어떻게 대응하는 것이 좋을까요?,BE,Crawling,
,"인증 방식으로 JWT를 사용해 보신 적이 있다면, JWT에 대해 간단히 설명해 주실 수 있나요?","BE, FE",JWT,
"be, jpa, n+1","JPA를 사용하실 때, N+1 문제를 겪어보셨다면 경험한 사례와 해결한 방법에 대해서 설명해주실 수 있나요?",BE,JPA,n+1
experience,날짜 및 상품 별 판매 데이터 집계 과정에서 발생한 성능 문제는 없었나요?,BE,DB,
"experience, db",DB 장애를 경험해보신 적이 있나요? 어떤 문제였고 어떻게 해결하셨나요?,BE,DB,
"rdbms, concurrency_control, lock, transaction, deadlock",RDBMS의 lock과 transaction의 개념을 이해하고 계신가요? 어떻게 하면 deadlock을 인위적으로 만들 수 있을까요?,BE,DB,
"soft skills, communication",같이 협업했던 팀원들에게 제일 많이 받았던 피드백은 무엇인가요? 혹은 받았던 피드백 중 가장 인상 깊었던 피드백이 있나요?,"BE, FE",softskill,
soft skills,협업하기에 좋은 개발 문화는 어떤 것이라고 생각하시나요? 혹은 기존에 존재하던 비효율적인 협업을 효율적으로 개선해본 경험이 있을까요?,"BE, FE",softskill,
"move, blockchain, memcash",블록체인 박제 및 검증 API에서 memcached 가 적용된 부분을 설명해주세요.,BE,"Blockchain, memcashed",
message_queue,"빠른 응답을 위해 MessageQueue를 적용했는데, 만약 중복되지 않고 단 한 번의 발송만을 보장해야한다는 요구사항이 들어오면 어떻게 처리할 수 있을까요? [요청을 처리하는 API 서버는 여러대로 구성된 분산된 환경임을 가정합니다.]",BE,message queue,
"api, rate_limit",API 연동 작업을 진행하면서 발생할 수 있는 Rate Limit 문제는 어떻게 해결할 수 있을까요?,BE,rate limit,
zero-downtime deployment,"운영 중인 서비스에서 무중단 배포를 진행해야 한다면, 어떤 방법을 사용할 수 있을까요?",BE,zero-downtime deployment,
"be, fe, architecture, chat, file","채팅 서비스에서 이미지나 파일 전송 기능을 구현해야 한다면, 어떻게 설계하고 구현할 수 있을까요?","BE, FE",Architecture,Chat
"be, transaction, orm","Backend에서 Transaction을 처리한 경험이 있을까요? ORM 같은것을 사용하게 되면 Transaction을 사용할 때, DB에 Query가 날라가는데 어떤 Query들이 발생하고 어떤 메커니즘으로 동작하는지 알고 계신가요?",BE,DB,orm
query-optimization,"쿼리 최적화를 해보셨나요? 어떤 쿼리가 문제인지를 어떻게 찾았고, 원인 분석을 어떻게 했으며, 어떻게 대응했는지 알려주시겠어요?",BE,DB,query-optimization
django,"Django에서 prefetch_related, selected_related의 차이를 설명해주실 수 있을까요?",BE,Django,
"experience, code_review",프로젝트를 진행하면서 코드 리뷰에서 무엇을 배웠나요? 팀 동료들에게 리뷰를 한 것중에 기억에 남는 리뷰가 있으신가요?,"BE, FE",softskill,Code Review
etc,"의견 충돌이 있는 상황에서 어떤 기술이나 방법론이 좋아보일 때, 이를 어떻게 팀원들에게 설득할 것인가요?","BE, FE",softskill,
"be, rate_limit","자동으로 스레드를 생성하는 시스템에서 API 요청이 많아 Rate Limit에 걸릴 위험이 있다면, 이를 피하기 위해 어떻게 구현할 수 있을까요?",BE,rate limit,
"experience, ","시스템 성능 문제를 해결한 경험이 있으시다면, 과부하 상황에서 문제의 원인을 어떻게 파악하고 해결하셨는지 설명해 주실 수 있을까요?",BE,overload,
be,RDBMS의 index에 대해 설명해주시겠어요?,BE,DB,
BE,Database Transaction Isolation level에 대해서 설명해주실 수 있을까요?,BE,DB,
BE,"DeadLock을 인위적으로 만드려면 어떻게 해야할까요? 그리고, 이 문제를 해결하려면 어떤 방법을 취할 수 있을까요?",BE,DB,
etc,"사용자의 불편함을 분석하고 개선한 경험이 있으시다면, 그 사례를 공유해 주실 수 있을까요?","BE, FE",UI/UX,
etc,엔지니어 또는 비 엔지니어와 협업시에 커뮤니케이션에서 겪었던 문제가 무엇인가요? 그리고 어떻게 해결하셨나요?,"BE, FE",softskill,
etc,일했턴 팀 내에서 OO님을 소개해달라고 하면 어떻게 소개할 것 같나요?,"BE, FE",softskill,
etc,"다양한 직군과 협업해본 경험이 있다면, 여러 직군과의 협업과정에서 발생하였던 도전 과제는 무엇이었고, 이를 어떻게 해결하셨나요?","BE, FE",softskill,
BE,은행과 같은 복잡한 시스템에서 간결한 구조를 유지하면서도 고객에게 빠른 서비스를 제공하기 위한 아키텍처적 접근 방식은 무엇이 있을까요?,BE,Architecture,domain_finance
BE,빠르게 변화하는 금융 요구사항을 반영하기 위해 확장이 용이한 시스템을 설계한 경험이 있나요? 어떤 패턴을 사용하여 시스템을 확장 가능하게 만들었는지 설명해 주세요.,BE,Architecture,"Design Pattern, domain_finance"
BE,"비즈니스 요구사항을 반영하여 데이터 모델과 API를 설계한 경험이 있다면 그 경험에 대해 설명해 주세요. 이 과정에서 가장 어려운 점은 무엇이었고, 이를 어떻게 해결하셨나요?",BE,Architecture,
BE,"MSA 경험이 있다면, 경험에서 특정 아키텍처를 선택한 이유와 장단점은 무엇인가요?",BE,Architecture,MSA
BE,"금융 시스템에서는 고가용성이 매우 중요한데, 고가용성을 보장하는 시스템을 구축한 경험이 있나요? 장애 복구 계획을 어떻게 설계하고 구현하셨는지 설명해 주세요.",BE,Architecture,"domain_finance, high availability"
BE,"본인이 수행했던 프로젝트 중 가장 대용량 서비스는 무엇이었고, 동시접속자 수가 많은 경우의 문제는 어떻게 해결했나요?",BE,Architecture,traffic
BE,"가장 자신있는 오픈소스는 무엇이고, 그 이유는 무엇인가요?","BE, FE",opensource,
BE,고객 데이터를 안전하게 보호하면서 대규모 트래픽을 처리할 수 있는 시스템을 구축한 경험이 있나요? 특히 보안과 성능을 동시에 고려한 설계 방안을 설명해 주세요.,BE,Architecture,traffic
BE,"Kotlin 또는 Java를 사용하여 Spring Framework 기반의 서비스를 개발한 경험에 대해 설명해 주세요. 특히, 어떤 프로젝트에서 이러한 기술 스택을 선택하셨고, 성능 및 유지보수 측면에서 어떤 장점을 발견하셨나요?",BE,Spring,
BE,"대규모 트래픽을 안정적으로 처리해야 하는 상황에서 어떤 아키텍처적 결정을 내리셨고, 성능을 최적화하기 위해 사용한 기술적 접근 방식은 무엇이었나요?",BE,Architecture,traffic
BE,"Redis를 사용하여 문제를 해결해보신 경험이 있나요? 해당 기술을 어떤 시나리오에서 활용했으며, 이들 기술의 도입이 시스템 성능에 어떤 영향을 미쳤나요?",BE,Monolithic Architecture,Redis
BE,비즈니스 요건을 바탕으로 데이터 모델과 API를 설계한 경험에 대해 설명해 주세요. 설계 과정에서의 주요 고려 사항과 복잡한 요건을 처리하기 위해 사용한 기법은 무엇이었나요?,BE,Architecture,API
BE,"외부 사용자 대상 서비스와 내부 시스템을 개발해 본 경험이 있으시다면, 두 경우에서의 접근 방식 차이점이나 기술적 도전 과제는 무엇이었나요?",BE,Architecture,
FE,Vue.js가 다른 자바스크립트 기반 언어와 비교하여 어떤 장단점이 있는지 설명해주세요.,FE,Vue.js,
BE,API를 설계하고 개발하는 과정에 대해 DB 설계와 함께 설명해주세요.,BE,Architecture,DB
BE,Netty나 Spring WebFlux를 사용하여 비동기 서버 시스템을 구축한 경험이 있나요? 해당 기술을 선택한 이유와 시스템 성능에 미친 영향을 구체적으로 설명해 주세요.,BE,Spring,Asynchronous
BE,"웹 방화벽 구축 경험이 있으시면, 웹 방화벽과 그냥 방화벽, IPS, IDS를 비교해주세요.",BE,firewall,
BE,CI/CD 파이프라인을 구축한 경험이 있나요? 이를 통해 배포 자동화와 안정성을 어떻게 향상시켰는지 구체적인 사례를 설명해 주세요.,"BE, FE",CI/CD,
BE,HTTP 프로토콜을 사용하여 서버 간 통신에 보안성과 빠른 성능을 최적화한다면 개발자로서 무엇을 생각해볼 수 있을까요?,"BE, FE",http,
BE,"Spring Framework의 생명주기와 구조에 대한 깊은 이해가 필요한 작업을 수행하신 경험이 있다면, 어떤 역할을 맡으셨나요? 특히 의존성 주입과 같은 기능을 어떻게 활용하셨나요",BE,Spring,
BE,"SessionDB 대신 JWT를 사용하여 비용을 절감한 선택이 있다면, 이로 인해 발생할 수 있는 단점이나 문제점은 무엇일까요?",BE,JWT,
etc,포트폴리오에 언급된 프로젝트 중 음악과 관련된 서비스 또는 콘텐츠를 다룬 경험이 있나요? 해당 프로젝트에서 혁신적인 기능을 구현한 사례가 있다면 말씀해 주세요.,"BE, FE",domain_music,
BE,"도커 사용 경험이 있는데, Kubernetes를 사용하여 마이크로서비스를 오케스트레이션한 경험은 없나요?",BE,kubernetes,
BE,"빅데이터 시스템을 다룬 경험이 있으신가요? 주요 도전 과제는 무엇이었으며, 대용량 데이터를 효율적으로 처리하기 위해 어떤 방법을 사용하셨나요?",BE,Big Data,
BE,비동기 메시징 시스템을 사용한 경험이 있습니까? 메시지 큐를 구현하고 최적화하기 위해 Redis를 사용한다면 무엇을 먼저 고려할지 얘기해주세요.,BE,Redis,message queue
BE,이전에 개발하신 프로젝트에서 재사용 가능한 컴포넌트를 만든 경험이 있나요? 이러한 컴포넌트가 팀 전체의 효율성을 어떻게 향상시켰나요?,"BE, FE",reuse,
etc,LINE MUSIC과 같은 음악 스트리밍 서비스의 사용자 경험을 개선하기 위해 어떤 혁신적인 아이디어나 기능을 제안하시겠습니까?,BE,UI/UX,domain_music
BE,Spring Framework의 라이프사이클을 설명해 주세요. Spring 기반 시스템에서 의존성 주입과 구성을 어떻게 관리하셨나요?,BE,Spring,
etc,"개발디자인 문서 작성시 프로세스를 설명하고, 여기서 본인만의 강점, 팁이 있다면 얘기해주세요.","BE, FE",Architecture,
etc,프로덕트를 성장시키는 것에 우선 순위를 두는 경험 및 사례를 얘기해주세요.,"BE, FE",Basic,
BE,"비전공 인문계 고객들을 상대로, RDBMS에서의 테이블간 PK, FK 관계에 대해서 최대한 쉽게 설명을 해주세요",BE,DB,
BE,사용하기 편리하고 자원활용 효율적인 API 구조의 특징은 무엇이라고 생각하시는지 설명해주세요. 그리고 본인이 프로젝트에서 적용한 내용을 알려주세요.,"BE, FE",Architecture,API
BE,특정시간대에 추천 검색어 노출해주는 로직은 어떻게 수립할 수 있을까요?,"BE, FE",Architecture,
BE,"반정규화에 대해 설명하고 반정규화를 적용해본 적이 있다면,  적용한 반정규화에 대해 적용사항과 결과에 대해 말해주세요.",BE,DB,
BE,"JWT 기술에 대해 설명하고, 본인이 적용한 방식을 추가로 설명해주세요.","BE, FE",JWT,
FE,클로저를 사용하여 private 변수를 구현하는 방법에 대해 설명해 주세요.,FE,JavaScript,Closure
FE,클로저가 메모리 관리에 미치는 영향에 대해 설명해 주세요.,FE,JavaScript,Closure
FE,"Promise 객체의 'then', 'catch', 'finally' 메서드의 역할을 구체적으로 설명해 주세요.",FE,JavaScript,promise
FE,`this` 키워드가 가리키는 대상을 결정하는 다양한 방법(예: bind)에 대해 설명해 주세요.,FE,JavaScript,this
FE,"ES6의 모듈 시스템(import/export)에 대해 설명하고, CommonJS와의 차이점을 알려주세요.",FE,JavaScript,
FE,"비동기 함수(Promise, async/await)에서 에러를 처리하는 방법에 대해 설명해 주세요.",FE,JavaScript,promise
FE,"자바스크립트의 배열 메서드 중 map, filter, reduce의 차이를 예시를 들어 설명해 주세요.",FE,JavaScript,
FE,자바스크립트의 프로토타입 상속에 대해 설명해 주세요.,FE,JavaScript,
FE,타입스크립트(TypeScript)를 사용할 때의 장점과 자바스크립트와의 차이점은 무엇인가요?,FE,Typescript,
FE,자바스크립트에서 깊은 복사와 얕은 복사의 차이에 대해 설명해 주세요.,FE,JavaScript,
FE,자바스크립트에서의 메모리 관리와 가비지 컬렉션(Garbage Collection) 원리를 설명해 주세요.,FE,JavaScript,GC
FE,자바스크립트의 이벤트 루프(Event Loop)와 콜 스택(Call Stack)의 동작 방식을 설명해 주세요.,FE,JavaScript,
FE,"React의 상태 관리 도구(예: Redux, Context API)를 사용하는 이유와 장점은 무엇인가요?",FE,React,
FE,"웹 애플리케이션에서 사용되는 보안 위협(예: XSS, CSRF)의 유형과 예방 방법에 대해 설명해 주세요.","BE, FE",security,
FE,Tree-shaking이 잘 되도록 하기 위한 최적화 조건들은 어떤게 있을까요?,FE,JavaScript,tree shaking
FE,디자인 시스템을 만들 때 가장 많이 고려해야할 부분은 어떤 부분일까요?,FE,domain design,
FE,디자인 시스템을 구축 후 아직까지 해결되지 않은 가장 어려운 부분에 대해 말씀해 주세요.,FE,domain design,
FE,타입스크립트(TypeScript)를 사용 시 api의 타입은 어떤 식으로 관리했는지 설명해 주세요.,FE,Typescript,
FE,"멀티레포와 모노레포는 어떤 장단점이 있을까요? 만약에 모노레포로 변경한다면 어떤 방식과 라이브러리를 사용할지, 문제가 예상되는 부분이 있는지 설명해 주세요.","BE, FE",git,"Mono Repo, Multi Repo"
FE,webpack보다 vite가 빠른 이유가 무엇일까요? 차이점을 설명해주세요.,FE,bundler,
FE,SEO 성능을 높이기 위해 Next.js 를 사용하는 방법이 있습니다. Next.js 외에 SEO 성능을 높일 수 있는 방법에 대해 아는대로 설명해주세요,FE,SEO,
FE,React Query 에서 캐시를 관리하는 방법과 주기에 대해 설명해주세요,FE,cache,
FE,프로젝트에서 사용한 Typescript 중 가장 구성하기 까다로웠던 type 에 대해 설명해주세요,FE,Typescript,
FE,스타일링 도구 Emotion을 다른 도구들과 장단점을 설명하며 비교해주세요.,FE,emotion,
FE,"Jest를 활용한 TDD 경험이 있다면, 구성한 대표적인 테스트 케이스에 대해 설명하고, 어떻게 검증하였는지 설명해보세요",FE,testing,jest
FE,"Rest API 의 CRUD method 에 대응하는 HTTP method를 소개하고, 각 Method의 특징을 설명하세요","BE, FE",http,
FE,CORS 는 무엇인가요? 어떤 경우에 발생하나요? prd 환경에서 CORS 를 해결하기 위해서는 어떤 처리가 필요한가요?  dev 환경에서 해결한 사례가 있나요?,"BE, FE",CORS,
FE,"Typescript 의 타입으로 처리할 수 있는 동작과, Typescript 타입 정의로 불가능한 검증의 사례를 들어주세요",FE,Typescript,
FE,"모노레포와 관련된 프로젝트를 진행한 경험이 있으시다면, 사례와 그 적용 범위에 대해 설명해 주세요. 모노레포를 적용한 후 개선된 점과 불편해진 점은 무엇이었나요? 또한, 불편한 부분을 개선하기 위해 어떤 노력을 하셨는지 말씀해 주세요.","BE, FE",git,Mono Repo
FE,webpack 에서 vite 로 변경하면 왜 성능이 좋아지나요?,FE,bundler,
FE,"쓰로틀링과 디바운스의 차이를 설명하고, 프론트엔드에서 구현한 방법에 대해 설명해주세요",FE,"Debounce, throttle",
FE,"javascript 의 트리쉐이킹에 대해서 설명하시고, 일어나는 조건과 일어나지 않는 조건에 대해 설명해주세요",FE,tree shaking,
FE,"이미지 lazyloading이 유저의 어떤 성능을 개선하고, 어떤 부분은 개선하지 않는지 나눠서 설명하고 이걸 적용하면 어떤 지표가 개선되는지 설명해주세요",FE,lazyloading,
FE,Typescript 로 작성한 react 코드가 브라우저에서 실행가능한 코드로 변경되는 과정을 설명해주세요,FE,Typescript,React
FE,"CDN 의 원리에 대해 설명해주시고, 대표적인 CDN 인프라와 CDN 성능에 도움이 되는 HTTP 헤더에 대해 설명해주세요.","BE, FE",CDN,
BE,프록시 서버를 사용할 때 발생할 수 있는 속도 저하와 보안 문제를 어떻게 해결하면 좋을까요?,BE,proxy server,
BE,진행중인 프로젝트에서 CI/CD는 어떻게 구성하였나요?,"BE, FE",CI/CD,
BE,JWT에 대해 설명해 주세요.,"BE, FE",JWT,
BE,refresh token 동작에 대해 설명해 주세요,"BE, FE",JWT,
BE,"시스템에서 암호를 사용하는 경우, 암호의 보안 방식과 검증 방법을 어떻게 처리하셨나요?",BE,security,
BE,프로젝트에서 I/O 개선으로 효과를 개선한 경험이 있으신가요?,BE,I/O,
BE,프로젝트 진행중 어려웠던 점과 해결안 방법에 대해 얘기해 주세요.,"BE, FE",Basic,
BE,기존 Java로 프로젝트를 진행하였는데 Kotlin에 대한 경험도 있나요?,BE,Kotlin,
etc,은행 시스템에서 중요한 것이 무엇이라고 생각하나요?,"BE, FE",domain_finance,
BE,대용량 트래픽 처리 경험이 있다면 얘기해 주세요.,BE,traffic,
BE,문자열 저장이나 전송시 적용한 보안에 대해 얘기해 주세요.,"BE, FE",security,
BE,unique index의 장단점에 대해 설명해 주세요.,BE,DB,
BE,에러 로그를 파일로 관리하는 것에 대한 장점,BE,error,
BE,에러 발생 알림에 대한 시스템도 구축하였나요?,BE,error,
BE,개발 팀장으로 일정관리나 프로젝트 관리는 어떻게 하였나요?,"BE, FE",softskill,
BE,리팩토링의 이유와 과정에 대해 설명해 주세요.,"BE, FE",refactoring,
BE,"테스트를 작성하면, 추후 유지 보수에서 어떤 도움이 되는지 설명해주세요.","BE, FE",testing,
BE,웹소켓에 대해 설명해 주세요.,"BE, FE",websocket,
BE,CI/CD는 어떻게 구성하였나요?,"BE, FE",CI/CD,
BE,AWS 구성은 어떻게 하였는지 설명해 주세요.,BE,Architecture,AWS
BE,REST API에 대해 설명해 주세요.,"BE, FE",REST API,
BE,무중단 배포 서버 구축한 내용에 대해 설명해 주세요.,BE,Architecture,zero-downtime deployment
BE,성능 테스트에서 중요하게 생각한 부분과 개선한 부분이 있나요?,BE,testing,
BE,API 분리시 접근 권한은 어떻게 적용하였나요?,BE,API,
BE,인증과 인가의 차이에 대해 설명해 주세요.,"BE, FE",security,
BE,Java Heap Memory 구조와 GC 가 동작하는 방식에 대한 설명,BE,GC,
BE,방화벽의 Stateful / Stateless 차이에 대한 설명,BE,security,firewall
BE,Web Server 와 WAS 의 차이점 설명,BE,Basic,
BE,Kafka 의 ISR 에 대한 설명,BE,message queue,Kafka
BE,EKS version upgrade 시 수행했던 전략에 대한 설명,BE,kubernetes,EKS
BE,Strong Consistency 와 Eventually Consistency 의 차이점 설명,BE,DB,
BE,(Redis) Redis 에 데이터 입출력 시 직렬화/역직렬화가 필요한 이유 설명,BE,cache,Redis
BE,"트랜잭션이란 무엇이며, 데이터 일관성을 어떻게 보존할 수 있는지에 대한 설명",BE,DB,
BE,카프카의 프로듀서 컨슈머에 대한 설명,BE,message queue,Kafka
BE,카프카의 Lag 에 대한 설명,BE,message queue,Kafka
BE,카프카 설정 중 ISR 에 대한 값과 고가용성 보장을 위한 Replica 와의 관계에 대한 설명,BE,message queue,Kafka
BE,"Deadlock 이란 무엇이며, 이를 해결하기 위한 방안에 대한 설명",BE,DB,Deadlock
BE,캐시의 장점과 캐시의 전략에 대한 설명,BE,cache,
BE,tcp 3 handshake 에 대한 설명,BE,TCP,
BE,HTTP Keepalive 에 대한 설명,BE,http,
BE,프록시 서버와 리버스 프록시 서버의 차이점에 대한 설명,BE,proxy server,
BE,테이블의 정규화에 대한 설명과 반정규화를 통해서 성능을 해결한 사례에 대한 설명,BE,DB,Denormalization
BE,컨테이너의 장점과 가상머신(vm) 과의 차이에 대한 설명,BE,Container,
BE,비동기 메세지 처리를 할 수 있는 미들웨어는 어떤 것들이 있는지와 경험 사례,BE,message queue,
BE,Session 과 JWT 의 차이점에 대한 설명,BE,JWT,
BE,DNS recursive query 에 대한 설명,"BE, FE",DNS,
FE,일반 함수와 Arrow Function의 차이는 무엇인가요?,FE,JavaScript,
FE,"클래스에서 메서드를 선언할 때, 메서드를 직접 선언하는 방식과 this.함수명으로 프로퍼티를 통해 함수를 정의하는 방식의 차이점은 무엇인가요?",FE,JavaScript,
FE,Constructor라는 내장 함수가 클래스에서 어떤 역할을 하는지 알고 있나요?,FE,JavaScript,
FE,Constructor의 역할과 그 필요성에 대해 설명해 주세요.,FE,JavaScript,
FE,"클래스 내에서 메서드를 정의할 때, 해당 메서드가 인스턴스 생성 시마다 호출되는지 아니면 한 번 생성되어 재사용되는지에 대해 설명해 주세요.","BE, FE",Basic,
FE,"객체 생성 시 함수가 매번 새로 호출되는지, 아니면 한 번 정의된 후 재사용되는지에 대한 차이를 어떻게 구분할 수 있을까요?","BE, FE",Basic,
FE,클래스에서 정의한 함수가 인스턴스마다 새롭게 호출되는 경우와 재사용되는 경우의 성능 차이는 무엇인가요?,"BE, FE",Basic,
FE,Async/await가 Promise와 어떻게 매칭되어 동작하는지 설명해 주세요.,FE,JavaScript,promise
FE,"Promise의 상태들은 무엇이며, 각각의 상태에서 await가 붙은 변수는 어떤 결과를 반환하나요?",FE,JavaScript,promise
FE,"React Hooks, 특히 useState가 컴포넌트 내부에서 어떻게 상태값을 유지하는지 설명해 주세요. 리렌더링이 되어도 상태가 보존되는 방식에 대해 간략하게 설명해 주실 수 있나요?",FE,JavaScript,React Hooks
FE,"React Hooks를 사용할 때 주의해야 할 점은 무엇인가요? 특히, 공식 문서에서 강조된 주의 사항에 대해 설명해 주세요.",FE,JavaScript,React Hooks
FE,"JWT 토큰을 Authorization Header에 넣어 요청할 때, 브라우저에서 토큰이 탈취되지 않도록 안전하게 관리하는 방법은 무엇인가요?",FE,JWT,
FE,"HTTP 1.1, 2.0, 3.0의 차이점과 각각의 특징에 대해 설명해 주세요.","BE, FE",http,
FE,TLS에 대해 들어보셨나요? TLS의 역할과 중요한 개념에 대해 설명해 주세요.,"BE, FE",TLS,
FE,"성능 최적화와 관련된 작업을 해보신 경험이 있나요? 있다면, 어떤 작업들을 수행했는지 설명해 주세요.","BE, FE",Basic,
etc,"Git을 사용한 협업 경험이 있으신가요? 몇 명과 함께 협업한 적이 있는지, 그리고 CI/CD 도구를 사용한 경험이 있으면 설명해 주세요.","BE, FE",softskill,
etc,"다수의 인원과 협업할 때 Git 충돌(Conflict)이 발생한 경험이 있나요? 충돌을 최소화하기 위해 어떤 협의를 했고, 발생한 충돌을 어떻게 해결하며 머지(Merge)했는지 설명해 주세요.","BE, FE",git,
etc,어떤 CI/CD 도구를 사용해 보셨나요? 해당 도구를 어떤 용도로 사용했는지 설명해 주세요.,"BE, FE",CI/CD,
FE,"SPA, 서버 사이드 렌더링(SSR), 그리고 서버 컴포넌트의 각각의 특징과 차이점에 대해 설명해 주세요.",FE,rendering,
FE,서버 컴포넌트로 작성된 컴포넌트는 브라우저에 번들링된 자바스크립트 파일로 전달되나요? 이에 대해 설명해 주세요.,FE,server component,
FE,"서버 사이드 렌더링(SSR)과 비교했을 때, SPA의 장점은 무엇인가요? SSR에 비해 SPA가 제공하는 이점에 대해 설명해 주세요.",FE,rendering,
FE,CSS의 display 속성에 어떤 값들이 있는지 설명해 주세요. 아시는 속성들을 말씀해 주실 수 있나요?,FE,CSS,
FE,"CSS의 flex 속성에 대해 설명해 주세요. flex 속성이 어떻게 구성되고, 각각의 값들이 어떤 역할을 하는지 설명해 주실 수 있나요?",FE,CSS,
FE,"CSS 레이아웃과 관련된 margin, border, padding, content 속성들은 각각 어떤 영역을 차지하는지 설명해 주세요.",FE,CSS,
FE,"box-sizing 속성을 border-box와 content-box로 설정했을 때, 두 설정의 차이점은 무엇인가요?",FE,CSS,
FE,TypeScript에서 제네릭(Generic)을 사용해 보셨나요? 제네릭이 어떤 역할을 하는지 간단하게 설명해 주세요.,FE,Typescript,
FE,"이미 설정된 타입에 추가적인 필드를 확장하고 싶다면, 어떤 방식(Type 또는 Interface)을 사용하는 것이 더 편리한가요? 그 이유는 무엇인가요?",FE,Typescript,
FE,"TypeScript에서 인터페이스를 확장할 때, 어떤 방식으로 확장을 할 수 있나요? 구체적인 방법에 대해 설명해 주세요.",FE,Typescript,
FE,ESNext에 대해 들어보셨나요? ES5와 ES6의 차이점에 대해 설명해 주세요.,FE,ECMAScript,
FE,"프로젝트에서 UX 최적화와 관련된 경험이 있으신가요? 있다면, 어떤 부분에서 UX 최적화를 위해 작업했는지 설명해 주세요.","BE, FE",UI/UX,
FE,"검색창에서 사용자가 빠르게 타이핑할 때, 매번 서버에 요청이 가지 않도록 어떻게 최적화를 할 수 있을까요? 자동완성 기능의 서버 요청을 최적화하는 방법에 대해 설명해 주세요.",FE,"Debounce, throttle",
FE,쓰로틀(throttle)과 디바운스(debounce)의 차이점은 무엇인가요? 각각의 개념과 사용 사례에 대해 설명해 주세요.,FE,"Debounce, throttle",
FE,"서버 컴포넌트에서는 훅(Hook)을 사용할 수 없는데, 꼭 필요한 훅이 있는 경우 어떻게 우회하여 구현할 수 있을까요? 예를 들어, useParams와 같은 훅이 필요할 때 서버 컴포넌트에서 이를 해결하는 방법에 대해 설명해 주세요.",FE,React,
FE,"React Query와 Recoil을 같은 프로젝트에서 함께 사용해 보셨나요? React Query만으로도 전역 상태 관리가 가능한데, Recoil을 추가적으로 사용한 이유와 케이스에 대해 설명해 주세요.",FE,state management,
BE,Java에서 가비지 컬렉터(Garbage Collector)는 메모리를 어떻게 수집하고 해제하나요? 가비지 컬렉터의 동작 과정에 대해 설명해 주세요.,BE,java,GC
BE,"Java에서 Major GC(Full GC) 시 Stop-the-world가 발생하는데, Minor GC에서도 Stop-the-world가 발생하나요? 이에 대해 설명해 주세요.",BE,java,GC
BE,"Java 애플리케이션에서 OutOfMemoryException(OOM)이 발생하면, 어떤 부분을 확인하고 점검해야 하나요?",BE,java,
BE,GC 로그와 힙 덤프에 대해 알고 계신가요? 이들을 어떻게 사용하여 메모리 문제를 분석하는지 설명해 주세요.,BE,java,
BE,"부하 테스트를 진행할 때, 테스트 유저 수를 설정할 때 어떤 기준으로 설정하시나요? 해당 수치를 선택하는 이유에 대해 설명해 주세요.",BE,testing,
BE,"고가용성(High Availability)이란 무엇이며, 이를 어떻게 구현할 수 있는지 설명해 주세요.",BE,Architecture,high availability
BE,"시스템이 전반적으로 느려질 때, 이를 확인하고 진단할 수 있는 도구는 어떤 것이 있나요?",BE,monitoring,
BE,미들웨어나 코드 수정 없이 인프라적으로 시스템을 확장하려면 어떤 방법들이 있을까요?,BE,Architecture,
BE,MSA(마이크로서비스 아키텍처)에 대해 알고 계신가요? MSA의 개념과 주요 특징에 대해 설명해 주세요.,BE,Architecture,MSA
BE,"컨테이너 기술(Docker, Kubernetes 등)을 사용해 본 경험이 있나요? 사용해 본 경우, 어떤 상황에서 활용했는지 설명해 주세요.",BE,Container,
BE,Java의 가비지 컬렉터(Garbage Collector)가 동작하는 방식에 대해 간단히 설명해 주세요.,BE,java,GC
BE,사용하셨던 애플리케이션에서는 어떤 종류의 가비지 컬렉터(GC)를 사용하셨나요? 그 이유와 선택한 GC의 특징에 대해 설명해 주세요.,BE,java,GC
BE,큰 객체(Humongous Object)는 Java 메모리에서 어떻게 할당되나요? Humongous Object에 대해 알고 계신다면 설명해 주세요.,BE,java,GC
BE,"애플리케이션에서 힙 메모리 부족으로 OutOfMemoryException(OOM)이 발생한 적이 있나요? 만약 겪어보셨다면, 그 문제를 어떻게 해결하셨나요?",BE,java,
BE,GC 로그를 확인해 보신 적이 있나요? GC 로그를 분석하여 문제를 진단한 경험이 있으면 설명해 주세요.,BE,java,GC
BE,캐시 전략에서 @CacheEvict와 @Cacheable을 사용하는 방식과 TTL(Time To Live) 설정을 사용하는 방식이 있습니다. 이 두 가지 전략의 차이점과 적용 시 고려해야 할 사항은 무엇인가요?,BE,java,cache
BE,파이프라인을 어떻게 구성했는지 간략하게 설명해 주세요. 각 단계에서 어떤 작업이 이루어지는지 설명해 주실 수 있나요?,BE,pipeline,
BE,컨테이너 기술(Docker 등)을 사용하는 이점은 무엇인가요? 이를 통해 얻을 수 있는 주요 이점에 대해 설명해 주세요.,BE,Container,
BE,"React Query를 사용할 때, 설치형으로 사용하셨나요 아니면 AWS 서비스 형태로 사용하셨나요? 각각의 선택에 따른 이유가 무엇인가요?",BE,React Query,
BE,"인프라를 구성할 때, 시스템의 고가용성을 보장하기 위해 고려해야 할 사항들은 무엇인가요?",BE,Architecture,high availability
BE,"RabbitMQ, Kafka를 비교 두 메시지 큐 시스템 간 차이",BE,message queue,
,,,Basic,
,,,Basic,
BE,"ElastiCache를 구성할 때 클러스터 모드, 노드 대수 등 어떤 설정을 사용했는지 설명해 주실 수 있나요?",BE,cache,ElasticCashe
BE,"EC2 서버나 애플리케이션에 대한 모니터링 도구를 구축한 경험이 있나요? 어떤 도구를 사용했고, 어떻게 모니터링을 설정했는지 설명해 주세요.",BE,monitoring,
BE,"애플리케이션에서 메트릭을 수집한 경험이 있나요? 어떤 메트릭을 수집했고, 이를 통해 무엇을 모니터링했는지 설명해 주세요.",BE,monitoring,
BE,"애플리케이션이 느려질 경우, 어떤 부분을 가장 먼저 확인해야 하나요? 성능 저하의 원인을 파악하기 위한 주요 진단 항목에 대해 설명해 주세요.",BE,monitoring,
BE,트랜잭션의 응답 시간이 길어졌는지에 대해서는 어떻게 확인을 할 수 있을까요?,BE,monitoring,
BE,MSA(마이크로서비스 아키텍처)에 대해 알고 계신가요? MSA의 개념과 주요 특징에 대해 설명해 주세요.,BE,Architecture,MSA
BE,프론트엔드 개발에서 가장 자신 있게 다룰 수 있는 프레임워크나 도구는 무엇인가요? 그 이유와 함께 설명해 주세요.,FE,Basic,
BE,DOM 객체에는 어떤 정보들이 저장되어 있나요? DOM이 브라우저에서 어떻게 구조화되어 있는지 설명해 주세요.,FE,Basic,
BE,React에서 라이브러리 없이 순수하게 상태 관리를 하는 방법에 대해 설명해 주세요. React의 내장 기능을 사용한 상태 관리에 대해 아는 대로 설명해 주세요.,FE,React,
BE,클래스형 컴포넌트와 함수형 컴포넌트의 차이점은 무엇인가요? 각각의 특징과 차이에 대해 설명해 주세요.,FE,React,
BE,React에서 퓨어 컴포넌트(PureComponent)에 대해 설명해 주세요. 퓨어 컴포넌트의 특징과 일반 컴포넌트와의 차이점은 무엇인가요?,FE,React,
BE,"React에서 useState, useEffect 외에 다른 훅(Hook)들에 대해 설명해 주세요. 각 훅의 역할과 사용 사례에 대해 설명해 주실 수 있나요?",FE,React,
BE,"React에서 useCallback과 useMemo는 언제, 왜 사용하나요? 각각의 역할과 차이점에 대해 설명해 주세요.",FE,React,
BE,TanStack Query를 사용하는 주된 이유는 무엇인가요?,FE,state management,
BE,TanStack Query의 주요 특징과 사용 사례는 무엇인가요?,FE,state management,
BE,Recoil이란 무엇인가요?,FE,state management,Recoil
BE,Recoil을 사용하여 상태 관리를 어떻게 구현할 수 있나요?,FE,state management,Recoil
BE,Zustand를 사용하여 상태 관리를 어떻게 구현할 수 있나요?,FE,state management,Zustand
BE,Zustand의 주요 특징과 사용 사례는 무엇인가요?,FE,state management,Zustand
BE,Redux의 주요 특징과 장점은 무엇인가요?,FE,state management,Redux
BE,Redux의 상태 관리 패턴과 구조는 어떻게 되나요?,FE,state management,Redux
BE,Recoil의 상태 관리 방식과 구조는 어떻게 되나요?,FE,state management,Recoil
BE,상태 관리 라이브러리 선택 시 고려해야 할 요소는 무엇인가요?,FE,state management,
BE,사이드 이펙트란 무엇인가요?,FE,state management,
BE,"플럭스 패턴이란 무엇이고, 플럭스 패턴을 사용하는 이유와 장점은 무엇인가요?",FE,state management,
BE,서치 엔진 옵티마이제이션(SEO)에 대해서 들어본 적 있으신가요?,FE,SEO,
BE,ESM과 CJS의 차이점에 대해 설명해 주실 수 있나요?,FE,bundler,
BE,트리 쉐이킹(tree shaking)에 대해 설명해 주시겠어요?,FE,tree shaking,
etc,"개발 Git flow와 branch 정책, 배포 과정에 대해 설명해 주실 수 있나요?","BE, FE",git,
etc,Git의 cherry-pick 기능에 대해 알고 계신가요?,"BE, FE",git,
BE,프론트엔드 개발자와 소통하면서 어려웠던 경험이 있으시면 말씀해 주시겠어요?,BE,softskill,
BE,"프론트엔드 개발자와의 API 통신에서는 Swagger를 사용하시나요, 아니면 Postman 같은 다른 도구를 사용하시나요?",BE,softskill,
BE,개발하실 때 GPT나 Copilot을 어느 정도 사용하시나요?,"BE, FE",softskill,
BE,프레임워크와 라이브러리의 차이점에 대해 설명해 주실 수 있나요?,"BE, FE",Basic,
BE,Spring과 Spring Boot의 차이점은 무엇인가요?,BE,Spring,
BE,"자바에서 인터페이스(interface)를 사용하는 이유는 무엇인가요? 인터페이스를 사용하지 않고도 코드를 쉽게 작성할 수 있는데, 왜 인터페이스를 선언해야 할까요?",BE,OOP,
BE,실제 개발에서 객체 지향적(OOP)으로 접근하거나 디자인 패턴(design pattern)을 적용한 사례가 있나요?,BE,OOP,
BE,지금까지 진행했던 업무 중 엔지니어링적으로 가치가 있었던 프로젝트에 대해 하나 소개해 주실 수 있나요?,"BE, FE",Basic,
BE,증분 백업(incremental backup) 방식의 리스크와 이를 보완하기 위한 방법에 대해 설명해 주실 수 있나요?,BE,DB,backup
BE,"퍼블릭 콜을 받는 서비스에서, 외부 서비스 API, 내부 서비스, DB 요청을 조합하는 API의 레이턴시(latency)가 1초가량 걸릴 때, 이 응답 시간을 개선하기 위한 접근 방법은 무엇인가요?",BE,Architecture,Performance Optimization
BE,"계층형 아키텍처로 구현된 서비스에서, 외부 서비스 교체와 DB를 MongoDB에서 MySQL로 마이그레이션할 때, 어떤 방식으로 접근하는 것이 좋을까요?",BE,DB,
BE,"캐싱 처리 시 고려해야 할 사항과 작업 순서, 그리고 캐싱 외에 문제를 해결할 수 있는 다른 방법들에 대해 상세히 설명해 주실 수 있나요?",BE,cache,
BE,트랜잭션(transaction)을 메소드 단위로 거는 것과 클래스 단위로 거는 것의 차이점은 무엇인가요? 그리고 트랜잭션 문제를 기술적으로 해결한 경험이 있나요?,BE,transaction,
BE,캐싱(caching)을 도입할 때 어떤 부분을 특히 신경 써야 하나요?,BE,cache,
BE,"외부 서비스, 내부 서비스, 그리고 DB에서 데이터를 받아 응답을 조합하는 API에서 캐싱(caching)을 도입할 때, 어떤 부분에 캐싱을 적용하면 좋을까요? 또한 캐싱 적용 시 발생할 수 있는 리스크는 무엇이며, 이를 해결하기 위해 어떤 점을 고민해야 할까요?",BE,cache,
FE,SPA 프레임워크(SPA framework)를 사용해본 경험에 대해 자세히 설명해 주실 수 있나요?,FE,SPA,
FE,"싱글 페이지 애플리케이션(SPA)을 구현할 때 필요한 요소들, 예를 들어 서비스 워커(service worker) 등의 사용 경험이 있으신가요?",FE,SPA,
FE,디자인 시스템(design system)을 사용해본 경험이 있으신가요?,FE,Design System,
FE,본인의 업무를 자동화(automation)해본 경험이 있으신가요?,"BE, FE",Basic,
FE,Next.js의 단점은 무엇이라고 생각하시나요?,FE,next.js,
FE,MPA(Multi-Page Application)에 대해 들어보셨나요?,FE,MPA,
FE,CHAT GPT API를 사용할 때 발생하는 비용 이슈를 어떻게 개선하려고 했나요?,BE,Architecture,Cost Optimization
FE,AWS ECS를 통한 배포와 다른 배포 방식을 비용 관리 측면에서 비교해본 적이 있나요?,BE,Architecture,Cost Optimization
FE,"프론트엔드 서비스를 기준으로 했을 때, ECS를 사용한 비용이 한 달에 어느 정도 나오는지 확인해본 적이 있나요?",FE,Architecture,Cost Optimization
FE,Redis를 구현할 때 가장 어려웠던 점은 무엇이었나요?,BE,cache,Redis
etc,"Chat GPT를 업무에 사용할 때, 어떻게 활용하면 더 높은 생산성을 얻을 수 있을까요?","BE, FE",ai,
etc,Chat GPT를 사용할 때 가장 주의해야 할 점은 무엇인가요?,"BE, FE",ai,
FE,프론트엔드 단에서 테스트 코드를 구현해본 경험이 있으신가요?,FE,testing,
FE,"테스트 코드 작성 시, 클린 아키텍처로 구현된 비즈니스 로직은 검증이 비교적 쉽지만, UI 테스트도 해본 경험이 있으신가요?",FE,testing,
FE,"반응형 웹으로 모바일 웹을 개발하고, 이를 모바일 애플리케이션으로 포팅하여 런칭할 때 프론트엔드 측면에서 가장 중요한 요소는 무엇이라고 생각하시나요?",FE,mobile,
FE,모바일 브라우저에서 가장 중요한 요소는 무엇인가요?,FE,mobile,
FE,"주니어에서 시니어로 성장하면서 중요한 작업 중 하나는 설계 문서 작성입니다. 코드를 작성하기 전에 설계 문서를 작성하거나, 후행으로 작성하는 경우가 있는데, 설계 문서를 작성해본 경험이 있으신가요?",BE,Architecture,
FE,"설계 문서를 작성할 때, 내부 개발자 간 인수인계를 위한 목적으로 작성해본 적이 있으신가요?",BE,Architecture,
FE,"프론트엔드 개발 시, React가 아닌 HTML, CSS, 바닐라 자바스크립트로만 프로젝트를 만들어본 경험이 있으신가요?",FE,Basic,
etc,"제품을 개발할 때, 사용성을 고려한 개발 사례가 있나요?","BE, FE",UI/UX,
etc,협업 시 신뢰를 주거나 믿음을 형성하는 본인만의 노하우나 습관이 있나요?,"BE, FE",softskill,
etc,"유저가 더 편리할 것이라고 설득할 때, 추가 기능 개발에 대한 근거로 무엇을 사용하나요?","BE, FE",UI/UX,
etc,유저 리서치(user research)를 진행해본 적이 있나요?,"BE, FE",UI/UX,
BE,아키텍처를 설계할 때 가장 중점적으로 고려하는 원칙은 무엇인가요?,"BE, FE",Architecture,
etc,"초기 MVP 구성 시, 너무 많은 클래스를 작성하는 것이 불필요한 코드 작성 시간이나 복잡성을 유발할 수 있다는 의견에 대해 어떻게 반박하시겠습니까?","BE, FE",Basic,검토필요
BE,루비 온 레일즈(Ruby on Rails)를 사용하면서 클린 아키텍처(Clean Architecture)를 도입할 때 어떤 어려움이 있을까요?,BE,Architecture,Clean architecture
BE,확장성 있는 웹 서비스를 구성할 때 고려해야 할 점은 무엇인가요? 서비스 분리 시 기준이 되는 지점은 무엇인가요?,BE,Architecture,
BE,"웹 서버를 분리해야 하는 시점은 언제이며, 그 시점에서 점진적으로 서버를 분리해 나가는 방법은 무엇인가요?",BE,Architecture,
BE,"메시지 서비스에서 기존 서비스와 새로운 서비스에 모두 메시지를 보내는 투트랙 운영 시, 새로운 서비스의 안정성이 검증되었는지 어떻게 판단할 수 있을까요?",BE,message queue,
BE,"ECS와 Fargate를 선택한 이유는 무엇인가요? 다른 배포 방식들(EKS, Docker, Nomad, Jenkins 등)도 있는 상황에서, 왜 이 두 가지를 사용했나요?",BE,AWS,
BE,이미지 스냅샷(AMI)으로 배포하는 것과 컨테이너라이징(containerizing)으로 배포하는 것의 차이는 무엇인가요?,BE,AWS,
BE,"3600만 명의 사용자를 보유한 SNS 피드 서비스에서, 3~10메가바이트 크기의 이미지 업로드 기능으로 인해 저장 공간이 급격히 증가하고 비용이 상승하는 문제를 개선하려면 어떤 접근 방법을 사용할 수 있을까요?",BE,Architecture,
BE,"파티셔닝(partitioning)과 샤딩(sharding)을 도입할 때, 각각을 어떻게 활용할 수 있을지 설명해 주실 수 있나요?",BE,DB,
BE,데이터 웨어하우스(Data Warehouse)의 개념을 설명해 주실 수 있나요?,BE,DB,
BE,"이커머스 서비스에서  많은 상품이 추가되고, 카테고리나 인기 여부 등 다양한 옵션들이 추가되면서 발생하는 검색 성능 저하 문제를 어떻게 개선할 수 있을까요? (DB는 현재 RDBMS를 사용 중입니다.)",BE,DB,domain_ eCommerce
etc,애자일 프로세스(Agile Process)를 경험해본 적이 있으신가요? 있다면 그 경험에 대해 설명해 주실 수 있나요?,"BE, FE",softskill,
BE,IO 병목현상을 발견하기 위해 모니터링하거나 개선해야 할 지표는 무엇인가요?,BE,monitoring,
BE,파일 전송속도를 모니터링 하는 방법과 그 지표에 대해 설명해주세요.,BE,monitoring,
BE,웹 서버의 역할에 대해 설명해 주실 수 있나요?,BE,Basic,
BE,"웹 서버와 서블릿 컨테이너의 역할을 합친 WAS에서, 웹 서버의 역할에 대해 설명해 주실 수 있나요?",BE,java,
BE,웹 서버에서 아파치와 Nginx의 차이에 대해 설명해 주실 수 있나요?,BE,Basic,
BE,아파치 웹 서버의 여러 모듈 간 차이에 대해 설명해 주실 수 있나요?,BE,Basic,
BE,"로드 밸런서, 프록시, 리버스 프록시의 역할과 그 차이에 대해 설명해 주실 수 있나요?",BE,Basic,
BE,리버스 프록시와 로드 밸런서의 차이에 대해 설명해 주실 수 있나요?,BE,Basic,
BE,"웹 서버가 동시에 몇 개의 클라이언트로부터 요청을 받을 수 있는지, 그리고 커넥션이 얼마나 형성될 수 있는지 추론해 주실 수 있나요?",BE,Basic,
BE,"단일 서버에서 CPU 바운드 작업이 아닌 단순 요청 처리 시, 즉 CPU의 점유율에는 큰 이상이 없다면 웹 서버가 동시에 몇 개의 클라이언트로부터 요청을 받을 수 있으며, 몇 개의 커넥션이 형성될 수 있을지 추론할 수 있나요?",BE,Basic,
BE,브라우저에서 웹 서버로 요청을 보낼 때의 과정에 대해 설명해 주실 수 있나요?,BE,Basic,
BE,"TCP 3-way-handshake와 4-way-handshake를 소켓과 연결지어, 커넥션이 수립되었다는 개념에 대해 설명해 주실 수 있나요?","BE, FE",TCP,
BE,"스프링 프레임워크의 3대 핵심 기술이 무엇인지 설명해 주시고, 그중에서 가장 자신 있는 하나를 선택해 설명해 주실 수 있나요?",BE,Spring,
BE,스프링 컨테이너가 빈을 어떻게 관리하는지 설명해 주실 수 있나요?,BE,Spring,
BE,"싱글톤 방식으로 빈 객체가 하나만 생성되어 재사용될 때, 여러 사용자가 접근하는 경우 요청 간에 영향을 받지 않도록 어떻게 관리되나요?",BE,Spring,
BE,"모놀리틱 아키텍처에서 멀티 모듈 아키텍처로 전환할 때 발생할 수 있는 문제는 무엇이며, 이를 어떻게 개선할 수 있나요?",BE,Architecture,MSA
BE,"외국 IP를 차단하기 위해 WAF를 사용하지 않는 경우, 다른 방법으로 외국 IP를 차단할 수 있는 방법에는 어떤 것들이 있나요?",BE,security,WAF
BE,멀티 모듈 구조에서 서비스를 한 번에 배포하기 위해 사용할 수 있는 도커 외의 대안은 무엇이 있을까요?,BE,Container,
BE,"S3로 관리할 때의 단점은 무엇이며, 파라미터 스토어 외에 고려할 수 있는 다른 대안은 무엇인가요?",BE,AWS,S3
etc,"학습 역량을 강화하기 위한 방법이나, 기술 경향을 따라잡기 위한 본인만의 노력에 대해 설명해 주실 수 있나요?","BE, FE",softskill,
BE,AWS 컴포넌트 중에서 가장 잘 알고 있다고 생각하는 것은 무엇인가요?,BE,AWS,
BE,"EC2 인스턴스에서 서버 용량을 처음에 8GB로 설정한 후, 서버를 끄지 않고 용량을 늘리려면 어떻게 해야 하나요?",BE,AWS,
BE,EC2 인스턴스를 한 대를 띄우려고 할 때 어떤 것들이 먼저 세팅이 되어 있어야 되고 이 ec2를 띄우게 되면 어떤 것들이 같이 띄워지나요?,BE,AWS,
BE,"NAT 게이트웨이 또는 인터넷 게이트웨이 외에, 외부 서버나 브라우저와 통신할 수 있는 다른 방법은 무엇인가요?",BE,Network,
FE,동적으로 사이트맵을 생성하는 기능이 어떻게 동작하는지 설명해 주실 수 있나요?,FE,Basic,
,동등성과 동일성의 차이에 대해 설명해주세요.,"BE, FE",Basic,
,"세션에 대해서 설명하고, 서버가 여러대일 때 세션을 어떻게 처리하는지 설명해주세요.",BE,Session,
,서블릿의 개념에 대해 설명해주세요.,BE,Servlet,
,데이터베이스의 인덱스가 내부적으로 어떤 알고리즘을 쓰는지 설명해주세요.,BE,DB,
,데이터베이스에서 데이터 타입마다 어떤 인덱스 알고리즘을 사용하는지 설명해주세요.,BE,DB,
,"캐싱 기능을 사용할 때, redis를 사용하는 이유에 대해 설명해주세요.",BE,cache,Redis
,캐시가 무엇인가요? redis 같은 걸 캐싱 서버로 사용해보신적 있으신가요?,BE,cache,
,Call by value와 Call by reference 차이에 대해 설명해주세요.,"BE, FE",Basic,
,nginx가 어떤 방식으로 로드밸런싱을 하는지 설명해주세요.,BE,load balancer,
,경험해본 프로젝트의 배포 구조에 대해 설명해주세요.,"BE, FE",Basic,
etc,클린 코드가 뭐라고 생각하시나요?,BE,Clean Code,
,Database의 부하와 Application의 부하를 어떤 기준으로 나눌 수 있을까요?,BE,Basic,
FE,Deep Copy와 Shallow Copy에 대해 설명해주세요.,"BE, FE",Basic,
,OAuth 의 흐름에 대해 설명해주세요.,"BE, FE",OAuth,
,객체를 나누는 기준이 무엇인가요?,"BE, FE",Basic,
,"커밋 컨벤션에서 `feat`, `chore`, `refactor` 등을 각각 어떤 기준으로 나누어 사용하는지 설명해 주실 수 있나요?","BE, FE",git,
,OOP(Object-Oriented Programming)이 무엇인지 설명해 주실 수 있나요?,BE,OOP,
,OOP를 사용했을 때의 장점과 단점은 무엇인가요?,BE,OOP,
,Test 코드를 작성해야 하는 이유는 무엇인가요?,"BE, FE",testing,
,Mock을 사용하는 이유는 무엇인가요?,"BE, FE",testing,
,사전에서 검색을 제공하는 Application을 만들건데 어떤 자료구조를 쓰실 건가요?,"BE, FE",Basic,
etc,기억에 남는 프로젝트와 어떤 점에서 기억에 남는 지 설명해주세요.,"BE, FE",Basic,
algorithm,트리 구조에 대해 설명 해주세요.,"BE, FE",Basic,
algorithm,이진 트리에 대해 설명 해주세요.,"BE, FE",Basic,
algorithm,Binary Search Tree에 대해 설명해주세요.,"BE, FE",Basic,
,브라우저에서 서버의 응답을 받을 때까지의 흐름을 설명해 주실 수 있나요?,"BE, FE",Basic,
,CI/CD 에 대해 각각 설명해주세요.,"BE, FE",CI/CD,
,DTO(Data Transfer Object)가 무엇인지 설명해 주실 수 있나요?,BE,DTO,
,"Presentation, Application, Domain Layer를 나누는 기준은 무엇인가요?",BE,Architecture,Layered Architecture
,DB Optimizer가 무엇인지 설명해 주실 수 있나요?,BE,DB,
algorithm,알고 있는 정렬 알고리즘을 설명해 주실 수 있나요?,"BE, FE",Algorithm,
,프로세스와 쓰레드의 차이점은 무엇인가요?,"BE, FE",OS,
,PCB(Process Control Block)에 저장되는 정보에는 어떤 것들이 있나요?,"BE, FE",OS,
,Context Switching에 대해 설명해 주실 수 있나요?,"BE, FE",OS,
,TCP 와 UDP의 차이점에 대해 설명해 주세요.,"BE, FE",Network,
,프로젝트에서 단위 테스트와 통합 테스트를 각각 어떻게 진행하셨는지 설명해 주실 수 있나요?,"BE, FE",testing,
,"알고 계신 테스트의 종류에 대해 설명해 주실 수 있나요? (예: 유닛 테스트, 통합 테스트 등)","BE, FE",testing,
,OOP를 지향하기 위해 어떤 노력을 할 수 있나요?,BE,OOP,
,"Layered Architecture에서 Presentation, Application, Domain, Infrastructure Layer의 역할에 대해 설명해 주실 수 있나요?",BE,Architecture,Layered Architecture
,DDD(Domain-Driven Design)에 대해 알고 있거나 공부해 본 경험이 있나요?,BE,DDD,
,DDD에서 Domain이 무엇인지 설명해 주실 수 있나요?,BE,DDD,
,CQRS와 이벤트 소싱에 대해 알고 있는지 설명해 주실 수 있나요?,BE,CQRS,
,최근에 진행한 프로젝트의 패키지 구조나 선호하는 패키지 구조에 대해 설명해 주실 수 있나요?,"BE, FE",Basic,
,"Connection Pool을 사용하는 이유와, 단순히 커넥션을 새로 만드는 것과의 차이는 무엇인가요?",BE,DB,
,Connection을 만드는 시간을 제외하고 Connection Pool을 사용하는 다른 장점은 무엇인가요?,BE,DB,
,"Connection Pool의 최대치가 1000개이고 WAS가 5개인 경우, 각 WAS는 200개씩의 Connection을 가지게 되나요? 그리고 6번째 WAS가 추가되면 Connection이 할당되지 않나요?",BE,DB,
,SOLID 원칙 중 하나를 설명해 주실 수 있나요?,BE,OOP,
algorithm,재귀 함수의 장점과 단점은 무엇인가요?,"BE, FE",Basic,
,동기(Synchronous)와 비동기(Asynchronous)의 차이는 무엇인가요?,"BE, FE",Basic,
,MyISAM과 InnoDB의 차이점은 무엇인가요?,BE,DB,
,단방향 암호화의 장점은 무엇인가요?,BE,security,
,GET과 POST의 차이는 무엇인가요?,BE,http,
,HTTP와 HTTPS의 차이는 무엇인가요?,"BE, FE",Basic,
보안,XSS(Cross-Site Scripting)에 대해 설명해 주실 수 있나요?,FE,security,
보안,XSS(Cross-Site Scripting)를 방지하기 위한 방법은 무엇인가요?,FE,security,
,인증 토큰 방식과 세션 기반 인증 방식의 차이점은 무엇인가요?,"BE, FE",security,
DB,데이터베이스에서 왜 여러 테이블을 두는지 설명해 주실 수 있나요?,BE,DB,
DB,Inner Join과 Outer Join의 차이에 대해 설명해 주실 수 있나요?,BE,DB,
,코드 스멜을 느끼게 되는 기준은 무엇인가요?,"BE, FE",softskill,
,알고 있는 무중단 배포 방법에 대해 설명해 주실 수 있나요?,BE,zero-downtime deployment,
,쿠키에 대해서 설명해주세요.,"BE, FE",security,
,로컬 스토리지(Local Storage)에 대해 설명해 주실 수 있나요?,FE,Local Storage,
,Blue-Green 배포에 대해 설명해 주실 수 있나요?,BE,zero-downtime deployment,
,프론트엔드와 API 서버 간의 통신 방식과 구현 방법에 대해 설명해 주실 수 있나요?,BE,API,
,각 HTTP Method에 대해 설명해 주실 수 있나요?,"BE, FE",http,
,PUT 메서드는 업데이트에만 사용되나요?,"BE, FE",http,
,CLOSE_WAIT와 TIME_WAIT 상태에 대해 설명해 주실 수 있나요?,"BE, FE",TCP,
,순간적으로 트래픽이 높아질 수 있는 이벤트 상황에서 아키텍처적으로 어떻게 설계할지 설명해 주실 수 있나요?,BE,traffic,
,Web Server와 WAS의 차이점과 각각의 역할에 대해 설명해 주실 수 있나요?,BE,Basic,
,"사용할 수 있는, 사용해본 프로그래밍 언어는 어떤 것들이 있는지? 각각 어느정도의 수준인지?","BE, FE",Basic,
,"WebSocket을 사용할 때 기본 프로토콜을 사용했는지, 아니면 직접 구현한 프로토콜을 사용했는지 설명해 주실 수 있나요?","BE, FE",websocket,
,Reactive Programming과 Observable에 대해 설명해 주실 수 있나요?,BE,Architecture,Reactive Programming
,Reactive Programming과 함수형 프로그래밍의 차이점과 각각의 특징에 대해 설명해 주실 수 있나요?,BE,Architecture,Reactive Programming
,정적 타이핑 언어와 동적 타이핑 언어의 장단점에 대해 설명해 주실 수 있나요?,"BE, FE",Basic,
,HTTP를 제외하고 알고 있는 다른 프로토콜에 대해 설명해 주실 수 있나요?,"BE, FE",Network,
,List의 장점을 Array와 비교하여 설명해 주실 수 있나요?,"BE, FE",Algorithm,
,테스트가 무엇인가요?,"BE, FE",testing,
,테스트는 왜 작성해야하나요?,"BE, FE",testing,
,리팩토링은 어느 시점에 해야할까요?,"BE, FE",refactoring,
,유연한 코드는 무엇인가요?,"BE, FE",refactoring,
,본인만의 리팩토링에 대한 정의를 설명해 주실 수 있나요?,"BE, FE",refactoring,
,응집도와 결합도의 차이에 대해 설명해 주실 수 있나요?,"BE, FE",coupling,
,응집도와 결합도의 차이에 대해 설명해 주실 수 있나요?,"BE, FE",cohension,
,테스트하기 쉬운 코드는 어떤 코드인가요?,"BE, FE",testing,
Spirng,Spring에서 DI(Dependency Injection)와 IoC(Inversion of Control) 개념을 설명해 주실 수 있나요?,BE,Spring,
,"Spring에서 `Service`, `Controller`, `Repository` 애노테이션의 차이점은 무엇인가요?",BE,Spring,
,`Controller`와 `RestController`의 차이점과 이들 간의 응답 방식 차이에 대해 설명해 주실 수 있나요?,BE,Spring,
,Spring에서 `Service`와 `Component`의 차이점은 무엇인가요?,BE,Spring,
,"`Controller`와 `RestController`의 차이점은 무엇이며, 응답 방식이 어떻게 다른가요?",BE,Spring,
,Spring에서 `Service`와 `Component`의 차이는 무엇인가요?,BE,Spring,
,IoC 컨테이너를 직접 만든다면 어떻게 구현할 계획인가요?,BE,Spring,IoC
,Spring에서 빈을 등록하는 방법에 대해 설명해 주실 수 있나요?,BE,Spring,
,Spring MVC에 대해 설명해 주실 수 있나요?,BE,Spring,
,Spring MVC에서 요청이 들어온 후 응답이 나갈 때까지의 흐름에 대해 설명해 주실 수 있나요?,BE,Spring,
,ControllerAdvice가 무엇인지 설명해 주실 수 있나요?,BE,Spring,
,Interceptor와 Filter의 차이점은 무엇인가요?,BE,Spring,
,"Field 주입, 생성자 주입, Setter 주입의 차이점에 대해 설명해 주실 수 있나요?",BE,Basic,
,Spring Web MVC에서 요청이 들어와서 Database에 도달하는 전체 흐름을 설명해 주실 수 있나요?,BE,Spring,
,AOP(Aspect-Oriented Programming)에 대해 설명해 주실 수 있나요?,BE,Spring,AOP
,SpringBoot의 장점은 무엇인가요?,BE,Spring,
,"ManyToOne을 사용한 이유는 무엇이며, 반대쪽에서 OneToMany를 사용할 수도 있지 않나요?",BE,DB,
,ORM를 사용하는 이유와 그 장점은 무엇인가요? ORM이 나오게 된 배경도 설명해 주실 수 있나요?,BE,DB,orm
,Hibernate가 무엇인지 설명해 주실 수 있나요?,BE,DB,orm
,Open Session In View 패턴에 대해 설명해 주실 수 있나요?,BE,DB,orm
,ORM를 사용할 때와 직접 SQL을 사용할 때의 차이점은 무엇인가요?,BE,DB,orm
,@Transactional의 동작 과정에 대해 설명해 주실 수 있나요?,BE,Spring,transaction
,JPA의 FetchType에 대해 설명해 주실 수 있나요?,BE,Spring,JPA
,LAZY와 EAGER 로딩 방식을 각각 어떤 기준으로 사용하시는지 설명해 주실 수 있나요?,BE,Spring,JPA
,N+1 문제에 대해 설명해 주실 수 있나요?,BE,DB,orm
,"JPA를 사용하면서 맞닥뜨린 문제가 있다면, 어떤 것이 있었나요?",BE,Spring,JPA
,본인이 생각하기에 데이터베이스에서 칼럼이 많고 적음의 기준은 무엇인가요?,BE,DB,
,JPA에서 Primary Key(PK)는 어떻게 설정하나요?,BE,Spring,JPA
,"객체가 JVM 메모리에 저장될 때, 어느 영역에 저장되나요?",BE,java,
,Stream이 무엇인지 설명해 주실 수 있나요?,BE,java,
,Lombok이 생성하는 메서드는 어느 시점에서 생성되는지 알고 계신가요?,BE,Spring,lombok
,메서드를 분리하는 본인만의 기준이 있나요?,"BE, FE",Basic,
,REST Docs을 사용하는 이유는 무엇인가요?,"BE, FE",Basic,
,StringBuilder와 StringBuffer의 차이점에 대해 설명해 주실 수 있나요?,BE,java,
algorithm,HashMap의 시간 복잡도에 대해 설명해 주실 수 있나요?,BE,java,
,"단어의 일부로 검색할 수 있는 자동완성 기능을 구현할 때, a로 시작하는 단어 5개, ap로 시작하는 단어 상위 5개를 찾는 기능을 어떻게 구현할 수 있나요?","BE, FE",Algorithm,
,Enum과 추상 클래스를 각각 어떤 식으로 사용했는지 설명해 주실 수 있나요?,BE,java,
,Domain이 무엇인지 설명해 주실 수 있나요?,BE,Basic,
,아는 자바 디자인 패턴 중 하나를 설명해 주실 수 있나요?,BE,java,
,Checked Exception은 언제 사용하는지 설명해 주실 수 있나요?,BE,java,Exception
,Unchecked Exception과 Checked Exception의 차이점은 무엇인가요?,BE,java,Exception
,Custom Exception을 모두 RuntimeException을 상속하도록 한 특별한 이유가 있나요?,BE,java,Exception
,`equals`와 `hashCode`를 재구현한 이유는 무엇인가요?,BE,java,
,JVM과 GC(Garbage Collection)에 대해 설명해 주실 수 있나요?,BE,java,
,GC(Garbage Collection)가 언제 동작하는지 설명해 주실 수 있나요?,BE,java,
,JUnit의 생명주기에 대해 아는지?,BE,testing,JUnit
,"Java의 세 가지 변수(지역 변수, 인스턴스 변수, 클래스 변수)를 JVM 메모리 구조와 연관지어 설명해 주실 수 있나요?",BE,java,
,Generic을 사용하는 이유는 무엇인가요?,BE,java,
,Generic을 사용하는 이유는 무엇인가요?,BE,Typescript,
,Java에서 동일한 `String`을 새로 만들 때마다 객체가 생성되나요?,BE,java,
,"예를 들어 `String a = ""Apple"";`로 선언한 후, `String b = ""Apple"";`을 선언할 때, `b`를 위한 새로운 공간이 할당되는지, 아닌지 이야기하고 이에 대해 설명해 주실 수 있나요?",BE,java,
,Java에서 람다가 무엇인지 설명해 주실 수 있나요?,BE,java,
,JVM 기반 언어의 특징에 대해 설명해 주실 수 있나요?,BE,java,
,Java 8에서 새로 도입된 Date와 Time API에 대해 설명해 주실 수 있나요?,BE,java,
,Overloading과 Overriding의 차이점을 설명해주세요.,"BE, FE",Basic,
,String을 == 대신 equals() 메소드로 비교해야 하는 이유를 설명해주세요.,BE,java,
,JUnit 4와 JUnit 5의 주요 차이점을 설명해주세요.,BE,testing,JUnit
Kotlin,Kotlin과 Java의 주요 차이점과 Kotlin의 장점에 대해 설명해주세요.,BE,Kotlin,
Kotlin,Kotlin의 coroutine이 무엇인지 설명해주세요.,BE,Kotlin,
,ES6와 ES5의 주요 차이점을 설명해주세요.,BE,ECMAScript,
,const 키워드가 무엇인지 설명해주세요.,FE,JavaScript,
,function()과 arrow function의 차이점과 각각을 사용하는 기준에 대해 설명해주세요.,FE,JavaScript,
,"PK(Primary Key), FK(Foreign Key), ER(Entity-Relationship) 모델이 무엇인지 각각 설명해주세요.",BE,DB,
,참조 무결성(Referential Integrity)이 무엇인지 설명해주세요.,BE,DB,
,RDBMS(Relational Database Management System)가 무엇인지 설명해주세요.,BE,DB,
,DB에서의 commit과 rollback이 무엇인지 각각 설명해주세요.,BE,DB,
,DBMS(DataBase Management System)가 무엇인지 설명해주세요.,BE,DB,
,DB 정규화(Database Normalization)가 무엇인지 설명해주세요.,BE,DB,
,DB 정규화(Database Normalization)의 목적이 무엇인지 설명해주세요.,BE,DB,
,데이터베이스 정규화(Database Normalization)에 대해 설명해주세요.,BE,DB,
,Inner 조인(Inner Join)과 Outer 조인(Outer Join)의 차이점을 설명해주세요.,BE,DB,
,PLSQL(Procedural Language/Structured Query Language)이 무엇인지 설명해주세요.,BE,DB,
,OOP(Object-Oriented Programming)가 무엇인지 설명해주세요.,BE,OOP,
,"추상화(Abstraction), 캡슐화(Encapsulation), 상속성(Inheritance), 다형성(Polymorphism)에 대해 각각 설명해주세요.",BE,OOP,
,추상클래스(abstract class)와 인터페이스(interface)의 차이점을 설명해주세요.,BE,OOP,
,오버로딩(Overloading)이 무엇인지 설명해주세요.,BE,OOP,
,오버라이딩(Overriding)이 무엇인지 설명해주세요.,BE,OOP,
,오버로딩(Overloading)과 오버라이딩(Overriding)의 차이점을 설명해주세요.,BE,OOP,
,Array List(ArrayList)가 무엇인지 설명해주세요.,BE,Data Structure,
,Linked List(Linked List)가 무엇인지 설명해주세요.,BE,Data Structure,
,ArrayList와 링크드 리스트Linked List의 차이점을 설명해주세요.,BE,Data Structure,
,"String, StringBuffer, StringBuilder의 특징을 각각 설명해주세요.",BE,java,
,GC(Garbage Collection)가 무엇인지 설명해주세요.,BE,java,
,primitive type(원시 타입)과 reference type(참조 타입)에 대해 설명해주세요.,BE,java,
,DI(Dependency Injection)가 무엇인지 설명해주세요.,BE,java,
,JSON(JavaScript Object Notation)이 무엇인지 설명해주세요.,"BE, FE",Basic,
,XML(eXtensible Markup Language)이 무엇인지 설명해주세요.,"BE, FE",Basic,
,RDBMS(Relational Database Management System)가 무엇인지 설명해주세요.,BE,DB,
,MVC(Model-View-Controller) 패턴이 무엇인지 설명해주세요.,"BE, FE",Design Pattern,
,싱글톤 패턴(Singleton Pattern)이 무엇인지 설명해주세요.,"BE, FE",Design Pattern,
,팩토리 패턴(Factory Pattern)이 무엇인지 설명해주세요.,"BE, FE",Design Pattern,
,HashCode가 무엇인지 설명해주세요.,"BE, FE",Basic,
,Call by Reference와 Call by Value의 차이점을 설명해주세요.,"BE, FE",Basic,
,링크드 리스트(Linked List)와 배열(Array)의 차이점을 설명해주세요.,"BE, FE",Data Structure,
,"DDL(Data Definition Language), DML(Data Manipulation Language), DCL(Data Control Language)에 대해 각각 설명해주세요.",BE,DB,
,자바스크립트(JavaScript)와 제이쿼리(jQuery)의 차이점을 설명해주세요.,FE,Basic,
,SPA(Single Page Application)의 장점과 단점을 설명해주세요.,FE,Basic,
,IoC(Inversion of Control)가 무엇인지 설명해주세요.,BE,Spring,IoC
,"객체지향의 특성인 추상화(Abstraction), 캡슐화(Encapsulation), 상속(Inheritance), 다형성(Polymorphism)에 대해 각각 설명해주세요.",BE,OOP,
,객체지향 프로그래밍(Object-Oriented Programming)이 무엇인지 설명해주세요.,BE,OOP,
,Java에서 Thread를 구현하는 두 가지 방법에 대해 설명해주세요.,BE,java,
,"List, Set, Map의 차이점을 설명해주세요.","BE, FE",Basic,
,Servlet이 무엇인지 설명해주세요.,BE,Spring,
,"MVC(Model-View-Controller) 패턴의 개념과 장점, 그리고 프로젝트에서 MVC 패턴을 어떻게 구성했는지 설명해주세요.","BE, FE",Design Pattern,
,MSA(Microservices Architecture)의 개념에 대해 설명해주세요.,BE,Architecture,MSA
,프레임워크(Framework)와 플랫폼(Platform)의 차이점을 설명해주세요.,"BE, FE",Basic,
,HTML5와 기존 HTML의 차이점을 설명해주세요.,FE,Basic,
,GET 방식과 POST 방식의 차이점을 설명해주세요.,"BE, FE",Basic,
,TCP(Transmission Control Protocol)와 UDP(User Datagram Protocol)의 차이점을 설명해주세요.,"BE, FE",Network,
,DES128과 DES256의 차이점을 설명해주세요.,"BE, FE",security,
,C 언어에서 sizeof(int)의 결과값이 무엇인지 설명해주세요.,"BE, FE",Basic,
,jQuery를 사용하는 이유에 대해 설명해주세요.,"BE, FE",Basic,
,OSI 7계층(Open Systems Interconnection 7 Layers)에 대해 각각 설명해주세요.,"BE, FE",Network,
,MAC 주소(Media Access Control Address)가 OSI 7계층 중 어느 계층에 속하는지 설명해주세요.,"BE, FE",Network,
,HTTP(HyperText Transfer Protocol)가 OSI 7계층 중 어느 계층에 속하는지 설명해주세요.,"BE, FE",Network,
,프리퀀시 도메인(Frequency Domain)이 무엇인지 설명해주세요.,"BE, FE",Network,frequency domain
java,OOP(Object-Oriented Programming)가 무엇인지 설명해주세요.,BE,OOP,
,자바는 100% 객체 지향인가요?,BE,java,
,추상화(Abstraction)가 무엇인지 설명해주세요.,BE,OOP,
,캡슐화(Encapsulation)가 무엇인지 설명해주세요.,BE,OOP,
,추상화(Abstraction)와 캡슐화(Encapsulation)의 차이점을 설명해주세요.,BE,OOP,
,다형성(Polymorphism)이 무엇인지 설명해주세요.,BE,OOP,
,다형성(Polymorphism)의 종류에 대해 설명해주세요.,BE,OOP,
,상속(Inheritance)이 무엇인지 설명해주세요.,BE,OOP,
,Association이 무엇인지 설명해주세요.,BE,OOP,
,Composition이 무엇인지 설명해주세요.,BE,OOP,
,Aggregation은 무엇인가요?,BE,OOP,
,JVM(Java Virtual Machine)이 무엇인지 설명해주세요.,BE,java,
,Java가 플랫폼에 독립적인 언어라고 불리는 이유를 설명해주세요.,BE,java,
,JDK(Java Development Kit)와 JRE(Java Runtime Environment)의 차이점을 설명해주세요.,BE,java,
,정적(static) 키워드가 무엇을 의미하는지 설명해주세요.,BE,java,
,자바에서 private 혹은 static 메소드를 오버라이드(Override)할 수 있는지 설명해주세요.,BE,java,
,non-static 변수를 static context에서 접근할 수 있는지 설명해주세요.,BE,java,
,자바(Java)가 지원하는 데이터 타입(data type)에 무엇이 있는지 설명해주세요.,BE,java,
,non-static 변수를 static context에서 접근할 수 있는지 설명해주세요.,BE,java,
,자바(Java)가 지원하는 데이터 타입(Data Type)에는 무엇이 있는지 설명해주세요.,BE,java,
,자바에서 함수의 오버라이딩(Overriding)과 오버로딩(Overloading)의 차이를 구체적으로 설명해주실 수 있나요?,BE,java,
,Constructor(생성자)가 무엇인지 설명해주실 수 있나요?,BE,java,
,Constructor(생성자) 오버로딩(Overloading)이 무엇인지 설명해주실 수 있나요?,BE,java,
,자바에서 Copy-Constructor(복사 생성자)가 무엇인지 알려주세요.,BE,java,
,자바(Java)가 다중 상속을 지원하는지에 대해 설명해주세요.,BE,java,
,인터페이스(Interface)와 추상 클래스(Abstract Class)의 차이점에 대해 설명해 주세요.,BE,java,
,pass by reference와 pass by value가 무엇인지 자세히 알려주세요.,"BE, FE",Basic,
,Volatile Variable(휘발성 변수)의 목적이 무엇인지 설명해 주세요.,BE,fe,
,지역 변수(Local Variable)와 인스턴스 변수(Instance Variable)가 무엇인지 구체적으로 설명해 주세요.,"BE, FE",Basic,
,Java에서 사용 가능한 접근 제어자(access modifier)들의 차이점에 대해 이야기해주세요.,BE,java,
,정적 바인딩(Static Binding)과 동적 바인딩(Dynamic Binding)의 차이점에 대해 설명해주시겠어요?,BE,java,
,래퍼 클래스(Wrapper Class)가 무엇인지 설명해 주세요.,BE,java,
,"싱글톤 클래스(Singleton Class)가 무엇이며, 어떻게 만드는지 설명해 주세요.","BE, FE",OS,
,프로세스(Process)와 스레드(Thread)의 차이점에 대해 설명해 주세요.,"BE, FE",OS,
,스레드를 생성하는 다양한 방법에 대해 설명해 주세요.,"BE, FE",OS,
,스레드(Thread)의 다양한 상태에 대해 개략적으로 설명해 주세요.,"BE, FE",OS,
,메소드(Method)와 동기화된 블록(Synchronized Block)의 차이점에 대해 설명해 주세요.,"BE, FE",OS,
,모니터(Monitor) 내부에서 스레드(Thread) 동기화가 어떻게 이루어지는지 설명해 주세요.,"BE, FE",OS,
,교착상태(Deadlock)가 무엇인지 자세히 설명해 주세요.,"BE, FE",OS,
,N 스레드가 교착상태 없이 N 자원에 접근할 수 있도록 하기 위한 방법에 대해 설명해 주세요.,"BE, FE",OS,
,wait() 메소드와 sleep() 메소드의 차이에 대해 설명해 주세요.,"BE, FE",OS,
,Java Collection Framework의 기본 인터페이스가 무엇인지 알려주세요.,BE,java,
,"Collection이 Cloneable, Serializable 인터페이스를 extend하지 않는 이유에 대해 설명해 주세요.",BE,java,
,Iterator가 무엇인지 설명해 주세요.,BE,java,
,Iterator와 ListIterator의 차이점에 대해 설명해 주세요.,BE,java,
,fail-fast와 fail-safe의 차이점에 대해 설명해 보세요.,BE,java,
,자바의 HashMap은 어떻게 작동하나요?,BE,java,
,hashCode() 메소드와 equals() 메소드의 중요성에 대해 설명해 주세요.,BE,java,
,HashMap과 Hashtable의 차이점은 무엇인가요?,BE,java,
,Array와 ArrayList의 차이점은 무엇인가요?,BE,java,
,ArrayList와 LinkedList의 차이점은 무엇인가요?,BE,java,
,Comparable과 Comparator의 차이점은 무엇인가요?,BE,java,
,자바에서 우선순위 큐(Priority Queue)가 무엇인지 설명해 주세요.,BE,java,
,HashSet과 TreeSet의 차이점은 무엇인가요?,BE,java,
,Java에서 가비지 콜렉터의 목적은 무엇이며 언제 사용되나요?,BE,java,
,System.gc() 메소드와 Runtime.gc() 메소드의 기능에 대해 설명해 주세요.,"GC, java",java,
,"finalize() 메소드가 언제 호출되는지, 그리고 그 목적이 무엇인지 설명해 주세요.",java,java,
,객체 참조가 null로 설정되면 가비지 콜렉터(Garbage Collector)가 해당 객체가 보유한 메모리를 즉시 해제하는지 설명해 주세요.,"GC, java",java,
,Java 힙의 구조에 대해 설명해 주세요.,java,java,
,직렬(Serial) GC와 처리량(Throughput) GC의 차이점에 대해 설명해 주세요.,"GC, java",java,
,Java에서 객체가 언제 가비지 콜렉션(Garbage Collection)되는지 설명해 주세요.,"GC, java",java,
,JVM의 영구 생성 공간(Permanent Generation 또는 Metaspace)에서 가비지 콜렉션이 발생하는지 말씀해 주세요.,"GC, java",java,
FE,브라우저의 렌더링(Rendering) 원리에 대해 설명해 주세요.,FE,Basic,
,홈페이지가 사용자에게 보이는 순서에 대해 설명해 주세요.,FE,Basic,
,호이스팅(Hoisting)에 대해 설명해 주세요.,FE,JavaScript,
,"클로저(Closure)가 무엇인지, 그 원리와 사용하는 이유에 대해 설명해 주세요.",FE,JavaScript,
,CSS에서 margin과 padding의 차이점과 용도에 대해 설명해 주세요.,FE,CSS,
,비동기적으로 실행되는 작업을 동기적으로 코딩하는 방법이 있는지 설명해 주세요.,"BE, FE",Basic,
,GET 방식과 POST 방식이 어떻게 다르게 사용되는지 설명해 주세요.,"BE, FE",http,
,this의 용법에 대해 알고 있는 대로 설명해 주세요.,FE,Basic,
,"브라우저 저장소의 차이점에 대해 설명해 주세요. (LocalStorage, SessionStorage, Cookie)",FE,Basic,
,"Restful API에 대해 알고 있는 내용을 설명해 주세요. (GET, PUT, POST, PATCH, OPTION, DELETE)","BE, FE",Basic,
,JavaScript가 어떤 언어인지 설명해 주세요.,FE,JavaScript,
,JavaScript는 싱글 스레드 언어이지만 병렬처리가 가능한 이유에 대해 설명해주세요.,FE,JavaScript,
,"JavaScript는 싱글 스레드 언어인가요, 아니면 멀티 스레드 언어인가요?",FE,JavaScript,
,Event Loop가 무엇인지 설명해 주세요.,FE,JavaScript,
,마이크로테스크 큐(Microtask Queue)와 테스크 큐(Task Queue)의 차이점과 역할에 대해 설명해 주세요.,FE,JavaScript,
,이벤트 버블링(Event Bubbling)이 무엇인지 설명해 주세요.,FE,JavaScript,
,"이벤트 버블링이 기본적으로 child에서 parent로 전파되는데, 이를 반대로 구현하는 방법에 대해 설명해 주세요.",FE,JavaScript,
,이벤트 버블링(Event Bubbling)을 막기 위한 방법을 설명해 주세요.,FE,JavaScript,
,이벤트 버블링(Event Bubbling)을 잘 활용하면 어떻게 사용할 수 있는지 예시를 들어 설명해 주세요.,FE,JavaScript,
,실행 문맥(Execution Context)이 무엇인지 설명해 주세요.,FE,JavaScript,
,이터러블(Iterable)과 이터레이터 프로토콜(Iterator Protocol)에 대해 설명해 주세요.,FE,JavaScript,
,제너레이터(Generator)가 무엇인지 설명해 주세요.,FE,JavaScript,
,HTML이 렌더링 중에 JavaScript가 실행되면 렌더링이 멈추는 이유에 대해 설명해 주세요.,FE,JavaScript,
,"프로젝트를 진행할 때 어떤 JavaScript 프레임워크를 선택할 것인지, 그리고 그 이유에 대해 설명해 주세요.",FE,JavaScript,
,"최근에 사용되는 JavaScript 프레임워크들의 차이점과 장단점, 그리고 각각을 언제 어떻게 사용해야 하는지 설명해 주세요.",FE,JavaScript,
,SPA(Single Page Application)와 SSR(Server-Side Rendering)의 차이점에 대해 설명해 주세요.,FE,rendering,
,require와 import의 차이점에 대해 설명해 주세요.,FE,JavaScript,
,"SASS(Syntactically Awesome Stylesheets)와 SCSS(Sassy CSS)를 사용해본 경험이 있는지, 그리고 기존 CSS와 비교했을 때 어떤 점이 더 좋은지 설명해 주세요.",FE,CSS,
,JavaScript 성능 최적화를 위해 어떤 것을 적용해 보았는지 말씀해 주세요.,FE,JavaScript,
,Vue.js와 React의 차이점에 대해 설명해 주세요.,FE,React,
,Vue.js 혹은 React를 사용해 봤다면 상태 관리를 어떻게 구현했는지 설명해 주세요.,FE,React,
,Vue.js와 React의 차이점에 대해 설명해 주세요.,FE,Vue.js,
,Vue.js 혹은 React를 사용해 봤다면 상태 관리를 어떻게 구현했는지 설명해 주세요.,FE,Vue.js,
,Vue.js의 라이프 사이클(Lifecycle)에 대해 간략하게 설명해 주세요.,FE,Vue.js,
,Vue.js에서 양방향 데이터 바인딩이 일어나는 원리에 대해 설명해 주세요.,FE,Vue.js,
,무작위 데이터(Random Data)에 대해 테스트할 때 사용하는 방법을 설명해 주세요.,"BE, FE",testing,
,"ES6에서 Arrow 함수를 언제 사용하고, 왜 사용하는지 설명해 주세요.",FE,JavaScript,
,"JavaScript에서 var, let, const의 차이점에 대해 설명해 주세요.",,Basic,
,CORS(Cross-Origin Resource Sharing)를 대처하는 방법과 우회하는 방법에 대해 설명해 주세요.,"BE, FE",security,CORS
,MVVM(Model-View-ViewModel) 모델이 무엇인지 설명해 주세요.,FE,Architecture,
,CSS의 Box-model에서 width의 값을 차지하는 크기가 어떻게 결정되는지 설명해 주세요.,FE,CS,
algorithm,"이진 트리(Binary Tree)에 대해 설명해 주시고, 그 종류에는 무엇이 있는지 알려주세요. 또한, 실제 적용해본 경험이 있는지 이야기해 주세요.","BE, FE",Data Structure,
,HTTP 0.9와 HTTP 1.0의 차이점에 대해 설명해 주세요.,"BE, FE",http,
Web Browser,브라우저의 동작 원리에 대해 간단하게 설명해 주세요.,FE,Basic,
,"CORS(Cross-Origin Resource Sharing)가 무엇인지 설명하고, 이를 해결할 수 있는 방법에 대해 설명해 주세요.","BE, FE",security,CORS
,크로스 브라우징(Cross-Browsing)이 무엇인지 설명해 주세요.,FE,Cross Browsing,
,서버 사이드 렌더링(Server-Side Rendering)과 클라이언트 사이드 렌더링(Client-Side Rendering)의 차이에 대해 설명해 주세요.,FE,rendering,
,"빈 화면에서 렌더링이 완료되기까지 너무 오래 걸리는 문제를 해결할 수 있는 방법에 대해 설명해 주세요. (단, 캐시는 이미 적용된 상태입니다.)",FE,Basic,검토필요
HTML,"쿠키(Cookie), 세션 스토리지(Session Storage), 로컬 스토리지(Local Storage)의 차이점에 대해 설명해 주세요.",FE,Basic,
,프로그레시브 렌더링(Progressive Rendering)이 무엇인지 설명해 주세요.,FE,Basic,검토필요
,다국어 페이지를 제공하는 방법에 대해 설명해 주세요.,FE,Basic,검토필요
,SEO(Search Engine Optimization)가 무엇인지 설명해 주세요.,FE,SEO,
,<section>과 <article> 태그의 차이에 대해 설명해 주세요.,FE,Basic,
,HTML5에서 도입된 주요 태그들에 대해 설명해 주세요.,FE,Basic,
,시맨틱 태그(Semantic Tag)가 무엇인지 설명해 주세요.,FE,Basic,
CSS,class와 id의 차이점을 설명해 주세요.,FE,CSS,
,CSS에서 float 속성이 어떻게 동작하는지 설명해 주세요.,FE,CSS,
,CSS에서 클리어링(Clearing)을 위한 다양한 방법과 각각을 언제 사용하는지 설명해 주세요.,FE,CSS,
,CSS에서 padding과 margin의 차이점에 대해 설명해 주세요.,FE,CSS,
,CSS 전처리기의 장점과 단점은 무엇인가요?,FE,CSS,
,페이지에서 표준 폰트가 아닌 폰트 디자인을 사용할 때 어떤 방식으로 처리하는지 설명해 주세요.,FE,CSS,
,CSS selector가 어떠한 원리로 동작하나요?,FE,CSS,
,"box model이 무엇이며, 브라우저에서 어떻게 동작하는지 설명해 주세요",FE,CSS,
,display 속성에 어떤 것들이 있는지 설명해 주세요.,FE,CSS,
,"요소를 배치하는 방법(static, relative, fixed, absolute) 간의 차이는 무엇인가요?",FE,CSS,
,CSS 애니메이션과 JS 애니메이션의 차이에 대해서 설명해 주세요.,FE,CSS,
,flex를 사용하는 이유가 무엇인가요?,FE,CSS,
javscript,"이벤트 버블링(Event Bubbling), 이벤트 캡쳐링(Event Capturing)에 대해서 설명하세요.",FE,JavaScript,
,이벤트 위임(Event Delegation)에 대해 설명해 주세요.,FE,JavaScript,
,this는 JavaScript에서 어떻게 작동하는지 설명해주세요.,FE,JavaScript,
,JavaScript에서 프로토타입 기반 상속(Prototype-based Inheritance)을 사용하는 방법에 대해 설명해 주세요.,FE,JavaScript,
,null과 undefined의 차이점은 무엇인가요?,FE,JavaScript,
,익명함수(anonymous functions)는 주로 어떤 상황에서 사용하나요?,FE,JavaScript,
,AJAX(Asynchronous JavaScript and XML)에 대해 가능한 한 자세히 설명해 주세요.,FE,JavaScript,
,호이스팅(Hoisting)에 대해서 설명하세요.,FE,JavaScript,
,"use strict가 무엇인지, 그리고 사용했을 때의 장단점에 대해 설명해 주세요.",FE,JavaScript,
,"Callback과 Promise, async/await의 차이점에 대해서 설명해 주세요.",FE,JavaScript,
,"클로저(Closure)가 무엇인지, 어떻게 사용하는지, 그리고 왜 사용하는지 설명해 주세요.",FE,JavaScript,
,"let, var, const의 차이점에 관해서 설명해 주세요.",FE,JavaScript,
,모듈 패턴(Module Pattern)과 전통적 상속(Traditional Inheritance)의 장단점을 설명해 주세요.,FE,ECMAScript,
,event loop란 무엇인가요?,FE,JavaScript,
,호스트 객체(Host Objects)와 네이티브 객체(Native Objects)의 차이점은 무엇인가요?,FE,JavaScript,
,"JSON(JavaScript Object Notation)이 무엇인지, 그리고 사용했을 때의 장점이 무엇인지 설명해 주세요.",FE,JavaScript,
,전역 스코프(Global Scope)를 사용했을 때의 장단점에 대해 설명해 주세요.,FE,JavaScript,
,function foo() {}와 var foo = function() {}에서 foo 의 차이가 무엇인지 설명해보세요.,FE,JavaScript,
,JavaScript의 작동방식의 장단점에 관해 설명해주세요.,FE,JavaScript,
,함수형 프로그래밍에 대해 설명해 주세요.,FE,JavaScript,
,Callback을 왜 사용하는지 설명해 주세요.,FE,JavaScript,
,ES6에서 바뀐 문법을 생각나는 대로 이야기해 주세요.,FE,ECMAScript,
,ES6 이상의 버전을 브라우저에서 인식하지 못할 때 어떻게 해결할 수 있는지 설명해 주세요.,FE,ECMAScript,
,"JavaScript 메서드인 .call(), .apply(), .bind()의 차이에 대해 설명해 주세요.",FE,JavaScript,
,ES6에서 화살표 함수와 일반 함수의 차이에 대해 설명해 주세요.,FE,JavaScript,
자료구조,Array와 LinkedList의 차이가 무엇인가요?,"BE, FE",Data Structure,
,Stack과 Queue의 차이점은 무엇인가요?,"BE, FE",Data Structure,
,BST와 Binary Tree에 대해서 설명하세요.,"BE, FE",Data Structure,
,PriorityQueue의 동작 원리가 어떻게 되나요?,"BE, FE",Data Structure,
,해시테이블(HashTable)에 대해서 설명해주세요.,"BE, FE",Data Structure,
,최소 스패닝 트리(Minimum Spanning Tree)에 대해서 설명해주세요.,"BE, FE",Data Structure,
운영체제,컴파일러와 인터프리터의 차이가 무엇인가요?,"BE, FE",OS,
,프로세스와 스레드의 차이가 무엇인가요?,"BE, FE",OS,
,LRU(Least Recently Used)에 대해 설명해 주세요.,"BE, FE",OS,
,Thread-safe의 개념이 무엇인지 설명해 주세요.,"BE, FE",OS,
,GPU(Graphics Processing Unit)와 CPU(Central Processing Unit)의 차이에 대해 설명해 주세요.,"BE, FE",OS,
,"교착상태(Deadlock)가 무엇인지, 그리고 발생하는 조건에 대해 설명해 주세요.","BE, FE",OS,
,문맥 전환(Context Switching)이 무엇인가요?,"BE, FE",OS,
,페이지 폴트(Page Fault)가 무엇인지 설명해 주세요.,"BE, FE",OS,
,메모리가 어떻게 구성되어 있는지 설명해 주세요.,"BE, FE",OS,
,가상 메모리(Virtual Memory)에 대해 설명해 주세요.,"BE, FE",OS,
,브라우저 렌더링 과정에 대해 상세하게 설명해 주세요.,"BE, FE",OS,
,HTTP와 HTTPS 통신 방식의 차이에 대해 설명해 주실 수 있나요?,"BE, FE",http,
,"OOP(Object-Oriented Programming)의 특징(상속, 캡슐화 등)에 대해 설명해 주실 수 있나요?","BE, FE",OOP,
,함수형 프로그래밍에 대해 설명해 주실 수 있나요?,"BE, FE",Basic,
,함수형 프로그래밍의 개념에서 순수 함수란 무엇인가요?,"BE, FE",Basic,
,OOP와 함수형 프로그래밍의 가장 큰 차이점은 무엇인가요?,"BE, FE",Basic,
웹 프로토콜,웹 프로토콜이란?,"BE, FE",Basic,
,HTTP 통신이란 무엇인가요?,"BE, FE",http,
,HTTP 1.1과 2.0의 차이는 무엇인가요?,"BE, FE",http,
,AJAX란 무엇인가요?,"BE, FE",AJAX,
,Promise와 Callback의 차이점 및 각각의 장단점에 대해 설명해 주실 수 있나요?,FE,JavaScript,
,"Promise란 무엇이며, 그 코드가 어떻게 구성되어 있는지 설명해 주실 수 있나요?",FE,JavaScript,
,Async와 Await가 무엇인지 설명해 주실 수 있나요? 그리고 사용해본 경험이 있나요?,FE,JavaScript,
,"Async, Await와 Promise의 차이점은 무엇인가요?",FE,JavaScript,
,"자바스크립트의 Number Type은 다른 언어들과 차이점이 무엇인가, 왜 하나만 존재하나.",FE,JavaScript,
,"자바스크립트의 원시 타입은 몇 가지이며, 그 종류는 무엇인가요?",FE,JavaScript,
,실행 컨텍스트(Execution Context)에 대해 설명해주세요.,FE,JavaScript,
,"클로저(Closure)란 무엇이며, 왜 이러한 패턴을 사용하는지 설명해 주실 수 있나요?",FE,JavaScript,
,자바스크립트에서 호이스팅(Hoisting)이 어떻게 이루어지는지 설명해 주실 수 있나요?,FE,JavaScript,
,가비지 컬렉터의 역할과 동작 방식에 대해 설명해 주실 수 있나요?,"BE, FE",GC,
,자바스크립트의 순환참조란? 어떤게 문제이고 해결방법은?,FE,JavaScript,
,자바스크립트의 배열이 실제 자료구조 배열이 아닌 이유는 무엇인가요?,FE,JavaScript,
,이벤트 루프와 자바스크립트의 동시성 모델에 대해 설명해 주실 수 있나요?,FE,JavaScript,
,프로토타입이란 무엇인가요?,FE,JavaScript,
,자바스크립트에서 `this`는 몇 가지로 추론될 수 있나요?,FE,JavaScript,
,일반 함수의 `this`와 화살표 함수의 `this`는 어떻게 다른가요?,FE,JavaScript,
,"`call`, `apply`, `bind` 함수에 대해 설명해 주실 수 있나요?",FE,JavaScript,
,`use strict` 모드에서의 `this`가 어떻게 동작하는지 설명해 주실 수 있나요?,FE,JavaScript,
,ES6 스펙을 완벽히 지원하지 않는 브라우저에서 ES6 코드를 실행하기 위한 해결 방법은 무엇인가요?,FE,ECMAScript,
,"Babel이란 무엇이며, Babel은 컴파일러인가요, 아니면 트랜스파일러인가요?",FE,bundler,
,ES6(ECMAScript 2015)에서 추가된 스펙에 대해 알고 있는 것을 모두 설명해 주실 수 있나요?,FE,ECMAScript,
,"`var`, `let`, `const`의 차이점을 function scope와 block scope의 개념에서 설명해 주실 수 있나요?",FE,JavaScript,
,"Class가 무엇인지 설명해 주시고, Prototype과 function을 사용한 ES5 스펙만으로 Class를 구현할 수 있는지 설명해 주실 수 있나요?",FE,ECMAScript,
,"React의 상태 관리에 대해 알고 있나요? Redux를 사용해 본 경험이 있다면, 그것에 대해 설명해 주실 수 있나요?",FE,Redux,
,Redux-saga와 Observable에 대해 들어본 적이 있나요?,FE,redux sage,
,Context API에 대해 설명해 주실 수 있나요?,FE,React,
,클래스형 컴포넌트와 함수형 컴포넌트의 차이는 무엇인가요?,FE,React,
,React의 라이프사이클 메서드에 대해 설명해 주실 수 있나요?,FE,React,
,"타입스크립트를 사용해 본 경험이 있나요? 또한, 타입스크립트에 대한 본인의 생각과 도입했을 때의 장점에 대해 설명해 주실 수 있나요?",FE,Typescript,
,Angular와 React의 차이점에 대해 설명해 주실 수 있나요?,FE,Angular,
,Angular와 React의 차이점에 대해 설명해 주실 수 있나요?,FE,React,
,라이브러리와 프레임워크의 차이에 대해 설명해 주실 수 있나요?,"BE, FE",Basic,
,"두 명의 개발자가 협업할 때, Git을 관리하는 방식에 대해 설명해 주실 수 있나요?","BE, FE",git,
,"메서드 체이닝이란 무엇이며, 그 장단점에 대해 설명해 주실 수 있나요?","BE, FE",Design Pattern,
,메모라이제이션(Memoization)이란 무엇인지 설명해 주실 수 있나요?,"BE, FE",cache,
,RESTful API가 무엇인지 알고 있는 대로 설명해 주실 수 있나요?,"BE, FE",Basic,
,"CORS(Cross-Origin Resource Sharing)가 무엇인지, 왜 정의되었는지 설명해 주실 수 있나요? 또한, 코드를 작성하면서 CORS와 관련해 겪었던 이슈가 있다면 설명해 주실 수 있나요?","BE, FE",security,CORS
,ESLint가 무엇인지 설명해 주실 수 있나요?,FE,Basic,검토필요
,Prettier가 무엇인지 설명해 주실 수 있나요?,FE,Basic,검토필요
,Webpack이란 무엇인가요?,FE,bundler,
,어떤 패키지 매니저를 사용해보셨나요?,FE,bundler,
,npm과 Yarn의 차이점은 무엇인가요?,FE,bundler,
,"배포를 해본 적이 있나요? 있다면, 배포를 어떻게 진행했는지 설명해 주실 수 있나요?","BE, FE",Basic,
,적응형(Adaptive)과 반응형(Responsive) 디자인의 차이를 알고 있나요?,FE,UI/UX,
,`package.json` 파일의 역할은 무엇인가요?,FE,Basic,
,`package.json`에서 `dependencies`와 `devDependencies`의 차이는 무엇인가요?,FE,Basic,
,프로세스와 스레드의 차이는 무엇인가요?,"BE, FE",OS,
,CSR(Client-Side Rendering)과 SSR(Server-Side Rendering)의 차이는 무엇인가요?,FE,rendering,
,이벤트 위임이란 무엇인가요?,FE,JavaScript,
,DOM을 직접 건드리는 방식과 그렇지 않은 방식의 차이는 무엇인가요?,FE,Basic,
,반응형 프로그래밍이란 무엇인가요?,FE,UI/UX,
,Call by Value와 Call by Reference의 차이는 무엇인가요?,"BE, FE",Basic,
,`null`과 `undefined`의 차이는 무엇인가요?,FE,JavaScript,
,`inline`과 `inline-block`의 차이는 무엇인가요?,FE,JavaScript,
,Vue.js의 라이프사이클에 대해 설명해 주실 수 있나요?,FE,Vue.js,
,HTTP 통신 방식에 대해 설명해 주실 수 있나요?​,FE,http,
,Cookie와 Session의 차이는 무엇인가요?,"BE, FE",Cookie,
,Cookie와 Session의 차이는 무엇인가요?,"BE, FE",Session,
,MVC와 MVVM 디자인 패턴의 차이점과 각각의 특징에 대해 설명해 주실 수 있나요?,"BE, FE",Design Pattern,
,"Model, View, Controller의 차이는 무엇인가요?","BE, FE",Design Pattern,
,Forward와 Redirect의 차이는 무엇인가요?,"BE, FE",Design Pattern,
,Vue.js의 라이프사이클 함수에 대해 설명해 주실 수 있나요?,FE,Vue.js,
,동기와 비동기의 차이를 예시를 들어 설명해 주실 수 있나요?,"BE, FE",Basic,
,REST와 RESTful에 대해 설명해 주실 수 있나요?,"BE, FE",Basic,